geoid_zcta,variable,race_eth,total_pop,pop_in_cook
60120,P11_002N,Hispanic or Latino,20685,8912
60120,P11_005N,Non-Hispanic White,11711,7155
60120,P11_006N,Non-Hispanic Black,2303,1182
60120,P11_007N,Non-Hispanic American Indian or Alaska Native,46,15
60120,P11_008N,Non-Hispanic Asian,2133,1754
60120,P11_009N,Non-Hispanic Native Hawaiian or Other Pacific Islander,10,6
60120,P11_010N,Non-Hispanic Other,120,73
60120,P11_011N,Non-Hispanic Two or More Races,697,387
60126,P11_002N,Hispanic or Latino,3166,75
60126,P11_005N,Non-Hispanic White,28932,144
60126,P11_006N,Non-Hispanic Black,820,23
60126,P11_007N,Non-Hispanic American Indian or Alaska Native,30,0
60126,P11_008N,Non-Hispanic Asian,2356,4
60126,P11_009N,Non-Hispanic Native Hawaiian or Other Pacific Islander,5,0
60126,P11_010N,Non-Hispanic Other,94,0
60126,P11_011N,Non-Hispanic Two or More Races,722,5
60130,P11_002N,Hispanic or Latino,1260,1260
60130,P11_005N,Non-Hispanic White,6147,6147
60130,P11_006N,Non-Hispanic Black,3768,3768
60130,P11_007N,Non-Hispanic American Indian or Alaska Native,26,26
60130,P11_008N,Non-Hispanic Asian,804,804
60130,P11_009N,Non-Hispanic Native Hawaiian or Other Pacific Islander,3,3
60130,P11_010N,Non-Hispanic Other,94,94
60130,P11_011N,Non-Hispanic Two or More Races,412,412
60131,P11_002N,Hispanic or Latino,6756,6756
60131,P11_005N,Non-Hispanic White,6401,6401
60131,P11_006N,Non-Hispanic Black,211,211
60131,P11_007N,Non-Hispanic American Indian or Alaska Native,16,16
60131,P11_008N,Non-Hispanic Asian,587,587
60131,P11_009N,Non-Hispanic Native Hawaiian or Other Pacific Islander,2,2
60131,P11_010N,Non-Hispanic Other,54,54
60131,P11_011N,Non-Hispanic Two or More Races,176,176
60133,P11_002N,Hispanic or Latino,10498,7134
60133,P11_005N,Non-Hispanic White,9915,4667
60133,P11_006N,Non-Hispanic Black,1748,709
60133,P11_007N,Non-Hispanic American Indian or Alaska Native,44,23
60133,P11_008N,Non-Hispanic Asian,5100,1821
60133,P11_009N,Non-Hispanic Native Hawaiian or Other Pacific Islander,13,1
60133,P11_010N,Non-Hispanic Other,110,40
60133,P11_011N,Non-Hispanic Two or More Races,545,284
60141,P11_002N,Hispanic or Latino,4,4
60141,P11_005N,Non-Hispanic White,42,42
60141,P11_006N,Non-Hispanic Black,62,62
60141,P11_007N,Non-Hispanic American Indian or Alaska Native,0,0
60141,P11_008N,Non-Hispanic Asian,0,0
60141,P11_009N,Non-Hispanic Native Hawaiian or Other Pacific Islander,0,0
60141,P11_010N,Non-Hispanic Other,1,1
60141,P11_011N,Non-Hispanic Two or More Races,4,4
60153,P11_002N,Hispanic or Latino,5400,5400
60153,P11_005N,Non-Hispanic White,646,646
60153,P11_006N,Non-Hispanic Black,11234,11234
60153,P11_007N,Non-Hispanic American Indian or Alaska Native,18,18
60153,P11_008N,Non-Hispanic Asian,85,85
60153,P11_009N,Non-Hispanic Native Hawaiian or Other Pacific Islander,4,4
60153,P11_010N,Non-Hispanic Other,43,43
60153,P11_011N,Non-Hispanic Two or More Races,272,272
60154,P11_002N,Hispanic or Latino,2522,2522
60154,P11_005N,Non-Hispanic White,7902,7902
60154,P11_006N,Non-Hispanic Black,2683,2683
60154,P11_007N,Non-Hispanic American Indian or Alaska Native,12,12
60154,P11_008N,Non-Hispanic Asian,592,592
60154,P11_009N,Non-Hispanic Native Hawaiian or Other Pacific Islander,2,2
60154,P11_010N,Non-Hispanic Other,36,36
60154,P11_011N,Non-Hispanic Two or More Races,273,273
60155,P11_002N,Hispanic or Latino,839,839
60155,P11_005N,Non-Hispanic White,693,693
60155,P11_006N,Non-Hispanic Black,4687,4687
60155,P11_007N,Non-Hispanic American Indian or Alaska Native,1,1
60155,P11_008N,Non-Hispanic Asian,142,142
60155,P11_009N,Non-Hispanic Native Hawaiian or Other Pacific Islander,0,0
60155,P11_010N,Non-Hispanic Other,30,30
60155,P11_011N,Non-Hispanic Two or More Races,126,126
60160,P11_002N,Hispanic or Latino,13051,13051
60160,P11_005N,Non-Hispanic White,3862,3862
60160,P11_006N,Non-Hispanic Black,1102,1102
60160,P11_007N,Non-Hispanic American Indian or Alaska Native,11,11
60160,P11_008N,Non-Hispanic Asian,275,275
60160,P11_009N,Non-Hispanic Native Hawaiian or Other Pacific Islander,3,3
60160,P11_010N,Non-Hispanic Other,44,44
60160,P11_011N,Non-Hispanic Two or More Races,126,126
60162,P11_002N,Hispanic or Latino,2064,2064
60162,P11_005N,Non-Hispanic White,1335,1335
60162,P11_006N,Non-Hispanic Black,2896,2896
60162,P11_007N,Non-Hispanic American Indian or Alaska Native,8,8
60162,P11_008N,Non-Hispanic Asian,210,210
60162,P11_009N,Non-Hispanic Native Hawaiian or Other Pacific Islander,2,2
60162,P11_010N,Non-Hispanic Other,28,28
60162,P11_011N,Non-Hispanic Two or More Races,93,93
60163,P11_002N,Hispanic or Latino,1442,1442
60163,P11_005N,Non-Hispanic White,1128,1128
60163,P11_006N,Non-Hispanic Black,1397,1397
60163,P11_007N,Non-Hispanic American Indian or Alaska Native,8,8
60163,P11_008N,Non-Hispanic Asian,182,182
60163,P11_009N,Non-Hispanic Native Hawaiian or Other Pacific Islander,3,3
60163,P11_010N,Non-Hispanic Other,12,12
60163,P11_011N,Non-Hispanic Two or More Races,83,83
60164,P11_002N,Hispanic or Latino,10053,10053
60164,P11_005N,Non-Hispanic White,5823,5823
60164,P11_006N,Non-Hispanic Black,591,591
60164,P11_007N,Non-Hispanic American Indian or Alaska Native,13,13
60164,P11_008N,Non-Hispanic Asian,539,539
60164,P11_009N,Non-Hispanic Native Hawaiian or Other Pacific Islander,2,2
60164,P11_010N,Non-Hispanic Other,45,45
60164,P11_011N,Non-Hispanic Two or More Races,251,251
60165,P11_002N,Hispanic or Latino,2964,2964
60165,P11_005N,Non-Hispanic White,242,242
60165,P11_006N,Non-Hispanic Black,92,92
60165,P11_007N,Non-Hispanic American Indian or Alaska Native,3,3
60165,P11_008N,Non-Hispanic Asian,41,41
60165,P11_009N,Non-Hispanic Native Hawaiian or Other Pacific Islander,0,0
60165,P11_010N,Non-Hispanic Other,2,2
60165,P11_011N,Non-Hispanic Two or More Races,15,15
60169,P11_002N,Hispanic or Latino,5209,5209
60169,P11_005N,Non-Hispanic White,12944,12944
60169,P11_006N,Non-Hispanic Black,1467,1467
60169,P11_007N,Non-Hispanic American Indian or Alaska Native,38,38
60169,P11_008N,Non-Hispanic Asian,6358,6358
60169,P11_009N,Non-Hispanic Native Hawaiian or Other Pacific Islander,2,2
60169,P11_010N,Non-Hispanic Other,97,97
60169,P11_011N,Non-Hispanic Two or More Races,592,592
60171,P11_002N,Hispanic or Latino,2354,2354
60171,P11_005N,Non-Hispanic White,5683,5683
60171,P11_006N,Non-Hispanic Black,156,156
60171,P11_007N,Non-Hispanic American Indian or Alaska Native,2,2
60171,P11_008N,Non-Hispanic Asian,204,204
60171,P11_009N,Non-Hispanic Native Hawaiian or Other Pacific Islander,0,0
60171,P11_010N,Non-Hispanic Other,27,27
60171,P11_011N,Non-Hispanic Two or More Races,120,120
60172,P11_002N,Hispanic or Latino,1915,250
60172,P11_005N,Non-Hispanic White,14581,2125
60172,P11_006N,Non-Hispanic Black,419,97
60172,P11_007N,Non-Hispanic American Indian or Alaska Native,16,6
60172,P11_008N,Non-Hispanic Asian,2004,738
60172,P11_009N,Non-Hispanic Native Hawaiian or Other Pacific Islander,10,0
60172,P11_010N,Non-Hispanic Other,55,14
60172,P11_011N,Non-Hispanic Two or More Races,410,47
60173,P11_002N,Hispanic or Latino,968,968
60173,P11_005N,Non-Hispanic White,4842,4842
60173,P11_006N,Non-Hispanic Black,621,621
60173,P11_007N,Non-Hispanic American Indian or Alaska Native,12,12
60173,P11_008N,Non-Hispanic Asian,4259,4259
60173,P11_009N,Non-Hispanic Native Hawaiian or Other Pacific Islander,0,0
60173,P11_010N,Non-Hispanic Other,63,63
60173,P11_011N,Non-Hispanic Two or More Races,229,229
60176,P11_002N,Hispanic or Latino,2606,2606
60176,P11_005N,Non-Hispanic White,5817,5817
60176,P11_006N,Non-Hispanic Black,135,135
60176,P11_007N,Non-Hispanic American Indian or Alaska Native,11,11
60176,P11_008N,Non-Hispanic Asian,636,636
60176,P11_009N,Non-Hispanic Native Hawaiian or Other Pacific Islander,0,0
60176,P11_010N,Non-Hispanic Other,14,14
60176,P11_011N,Non-Hispanic Two or More Races,129,129
60043,P11_002N,Hispanic or Latino,61,61
60043,P11_005N,Non-Hispanic White,1555,1555
60043,P11_006N,Non-Hispanic Black,8,8
60043,P11_007N,Non-Hispanic American Indian or Alaska Native,0,0
60043,P11_008N,Non-Hispanic Asian,70,70
60043,P11_009N,Non-Hispanic Native Hawaiian or Other Pacific Islander,0,0
60043,P11_010N,Non-Hispanic Other,12,12
60043,P11_011N,Non-Hispanic Two or More Races,27,27
60053,P11_002N,Hispanic or Latino,1428,1428
60053,P11_005N,Non-Hispanic White,11235,11235
60053,P11_006N,Non-Hispanic Black,343,343
60053,P11_007N,Non-Hispanic American Indian or Alaska Native,18,18
60053,P11_008N,Non-Hispanic Asian,6751,6751
60053,P11_009N,Non-Hispanic Native Hawaiian or Other Pacific Islander,2,2
60053,P11_010N,Non-Hispanic Other,49,49
60053,P11_011N,Non-Hispanic Two or More Races,433,433
60056,P11_002N,Hispanic or Latino,6167,6167
60056,P11_005N,Non-Hispanic White,29794,29794
60056,P11_006N,Non-Hispanic Black,1127,1127
60056,P11_007N,Non-Hispanic American Indian or Alaska Native,21,21
60056,P11_008N,Non-Hispanic Asian,6466,6466
60056,P11_009N,Non-Hispanic Native Hawaiian or Other Pacific Islander,15,15
60056,P11_010N,Non-Hispanic Other,115,115
60056,P11_011N,Non-Hispanic Two or More Races,752,752
60513,P11_002N,Hispanic or Latino,3330,3330
60513,P11_005N,Non-Hispanic White,10450,10450
60513,P11_006N,Non-Hispanic Black,433,433
60513,P11_007N,Non-Hispanic American Indian or Alaska Native,16,16
60513,P11_008N,Non-Hispanic Asian,290,290
60513,P11_009N,Non-Hispanic Native Hawaiian or Other Pacific Islander,2,2
60513,P11_010N,Non-Hispanic Other,40,40
60513,P11_011N,Non-Hispanic Two or More Races,360,360
60521,P11_002N,Hispanic or Latino,594,85
60521,P11_005N,Non-Hispanic White,10245,1187
60521,P11_006N,Non-Hispanic Black,225,62
60521,P11_007N,Non-Hispanic American Indian or Alaska Native,12,0
60521,P11_008N,Non-Hispanic Asian,1535,252
60521,P11_009N,Non-Hispanic Native Hawaiian or Other Pacific Islander,5,0
60521,P11_010N,Non-Hispanic Other,37,6
60521,P11_011N,Non-Hispanic Two or More Races,312,43
60523,P11_002N,Hispanic or Latino,418,3
60523,P11_005N,Non-Hispanic White,5513,7
60523,P11_006N,Non-Hispanic Black,203,0
60523,P11_007N,Non-Hispanic American Indian or Alaska Native,2,0
60523,P11_008N,Non-Hispanic Asian,2342,2
60523,P11_009N,Non-Hispanic Native Hawaiian or Other Pacific Islander,1,0
60523,P11_010N,Non-Hispanic Other,32,0
60523,P11_011N,Non-Hispanic Two or More Races,170,0
60525,P11_002N,Hispanic or Latino,3032,3032
60525,P11_005N,Non-Hispanic White,20128,20128
60525,P11_006N,Non-Hispanic Black,837,837
60525,P11_007N,Non-Hispanic American Indian or Alaska Native,18,18
60525,P11_008N,Non-Hispanic Asian,517,517
60525,P11_009N,Non-Hispanic Native Hawaiian or Other Pacific Islander,0,0
60525,P11_010N,Non-Hispanic Other,64,64
60525,P11_011N,Non-Hispanic Two or More Races,484,484
60526,P11_002N,Hispanic or Latino,1028,1028
60526,P11_005N,Non-Hispanic White,8544,8544
60526,P11_006N,Non-Hispanic Black,430,430
60526,P11_007N,Non-Hispanic American Indian or Alaska Native,4,4
60526,P11_008N,Non-Hispanic Asian,256,256
60526,P11_009N,Non-Hispanic Native Hawaiian or Other Pacific Islander,2,2
60526,P11_010N,Non-Hispanic Other,13,13
60526,P11_011N,Non-Hispanic Two or More Races,232,232
60527,P11_002N,Hispanic or Latino,1596,169
60527,P11_005N,Non-Hispanic White,16883,3028
60527,P11_006N,Non-Hispanic Black,1487,40
60527,P11_007N,Non-Hispanic American Indian or Alaska Native,8,0
60527,P11_008N,Non-Hispanic Asian,3169,435
60527,P11_009N,Non-Hispanic Native Hawaiian or Other Pacific Islander,6,0
60527,P11_010N,Non-Hispanic Other,42,10
60527,P11_011N,Non-Hispanic Two or More Races,481,73
60534,P11_002N,Hispanic or Latino,3720,3720
60534,P11_005N,Non-Hispanic White,3976,3976
60534,P11_006N,Non-Hispanic Black,364,364
60534,P11_007N,Non-Hispanic American Indian or Alaska Native,10,10
60534,P11_008N,Non-Hispanic Asian,147,147
60534,P11_009N,Non-Hispanic Native Hawaiian or Other Pacific Islander,1,1
60534,P11_010N,Non-Hispanic Other,28,28
60534,P11_011N,Non-Hispanic Two or More Races,184,184
60546,P11_002N,Hispanic or Latino,2831,2831
60546,P11_005N,Non-Hispanic White,8774,8774
60546,P11_006N,Non-Hispanic Black,532,532
60546,P11_007N,Non-Hispanic American Indian or Alaska Native,17,17
60546,P11_008N,Non-Hispanic Asian,337,337
60546,P11_009N,Non-Hispanic Native Hawaiian or Other Pacific Islander,0,0
60546,P11_010N,Non-Hispanic Other,43,43
60546,P11_011N,Non-Hispanic Two or More Races,261,261
60062,P11_002N,Hispanic or Latino,1176,1176
60062,P11_005N,Non-Hispanic White,25449,25449
60062,P11_006N,Non-Hispanic Black,357,357
60062,P11_007N,Non-Hispanic American Indian or Alaska Native,26,26
60062,P11_008N,Non-Hispanic Asian,5775,5775
60062,P11_009N,Non-Hispanic Native Hawaiian or Other Pacific Islander,1,1
60062,P11_010N,Non-Hispanic Other,123,123
60062,P11_011N,Non-Hispanic Two or More Races,575,575
60067,P11_002N,Hispanic or Latino,2255,2255
60067,P11_005N,Non-Hispanic White,23053,23053
60067,P11_006N,Non-Hispanic Black,583,583
60067,P11_007N,Non-Hispanic American Indian or Alaska Native,26,26
60067,P11_008N,Non-Hispanic Asian,4495,4495
60067,P11_009N,Non-Hispanic Native Hawaiian or Other Pacific Islander,9,9
60067,P11_010N,Non-Hispanic Other,78,78
60067,P11_011N,Non-Hispanic Two or More Races,692,692
60068,P11_002N,Hispanic or Latino,1891,1891
60068,P11_005N,Non-Hispanic White,26071,26071
60068,P11_006N,Non-Hispanic Black,155,155
60068,P11_007N,Non-Hispanic American Indian or Alaska Native,12,12
60068,P11_008N,Non-Hispanic Asian,1527,1527
60068,P11_009N,Non-Hispanic Native Hawaiian or Other Pacific Islander,3,3
60068,P11_010N,Non-Hispanic Other,91,91
60068,P11_011N,Non-Hispanic Two or More Races,523,523
60070,P11_002N,Hispanic or Latino,3146,3146
60070,P11_005N,Non-Hispanic White,7682,7682
60070,P11_006N,Non-Hispanic Black,164,164
60070,P11_007N,Non-Hispanic American Indian or Alaska Native,17,17
60070,P11_008N,Non-Hispanic Asian,1302,1302
60070,P11_009N,Non-Hispanic Native Hawaiian or Other Pacific Islander,2,2
60070,P11_010N,Non-Hispanic Other,22,22
60070,P11_011N,Non-Hispanic Two or More Races,174,174
60074,P11_002N,Hispanic or Latino,7639,7620
60074,P11_005N,Non-Hispanic White,17177,17091
60074,P11_006N,Non-Hispanic Black,1076,1076
60074,P11_007N,Non-Hispanic American Indian or Alaska Native,43,43
60074,P11_008N,Non-Hispanic Asian,2994,2989
60074,P11_009N,Non-Hispanic Native Hawaiian or Other Pacific Islander,6,6
60074,P11_010N,Non-Hispanic Other,100,100
60074,P11_011N,Non-Hispanic Two or More Races,581,579
60076,P11_002N,Hispanic or Latino,2493,2493
60076,P11_005N,Non-Hispanic White,13689,13689
60076,P11_006N,Non-Hispanic Black,1975,1975
60076,P11_007N,Non-Hispanic American Indian or Alaska Native,19,19
60076,P11_008N,Non-Hispanic Asian,7574,7574
60076,P11_009N,Non-Hispanic Native Hawaiian or Other Pacific Islander,15,15
60076,P11_010N,Non-Hispanic Other,149,149
60076,P11_011N,Non-Hispanic Two or More Races,776,776
60077,P11_002N,Hispanic or Latino,2288,2288
60077,P11_005N,Non-Hispanic White,11601,11601
60077,P11_006N,Non-Hispanic Black,1610,1610
60077,P11_007N,Non-Hispanic American Indian or Alaska Native,23,23
60077,P11_008N,Non-Hispanic Asian,6999,6999
60077,P11_009N,Non-Hispanic Native Hawaiian or Other Pacific Islander,1,1
60077,P11_010N,Non-Hispanic Other,107,107
60077,P11_011N,Non-Hispanic Two or More Races,539,539
60089,P11_002N,Hispanic or Latino,2024,1275
60089,P11_005N,Non-Hispanic White,22079,8490
60089,P11_006N,Non-Hispanic Black,427,178
60089,P11_007N,Non-Hispanic American Indian or Alaska Native,8,2
60089,P11_008N,Non-Hispanic Asian,7976,1081
60089,P11_009N,Non-Hispanic Native Hawaiian or Other Pacific Islander,5,3
60089,P11_010N,Non-Hispanic Other,87,28
60089,P11_011N,Non-Hispanic Two or More Races,565,194
60090,P11_002N,Hispanic or Latino,9008,9008
60090,P11_005N,Non-Hispanic White,15716,15716
60090,P11_006N,Non-Hispanic Black,693,693
60090,P11_007N,Non-Hispanic American Indian or Alaska Native,12,12
60090,P11_008N,Non-Hispanic Asian,5423,5423
60090,P11_009N,Non-Hispanic Native Hawaiian or Other Pacific Islander,6,6
60090,P11_010N,Non-Hispanic Other,123,123
60090,P11_011N,Non-Hispanic Two or More Races,488,488
60091,P11_002N,Hispanic or Latino,868,868
60091,P11_005N,Non-Hispanic White,16164,16164
60091,P11_006N,Non-Hispanic Black,168,168
60091,P11_007N,Non-Hispanic American Indian or Alaska Native,9,9
60091,P11_008N,Non-Hispanic Asian,2468,2468
60091,P11_009N,Non-Hispanic Native Hawaiian or Other Pacific Islander,4,4
60091,P11_010N,Non-Hispanic Other,82,82
60091,P11_011N,Non-Hispanic Two or More Races,556,556
60093,P11_002N,Hispanic or Latino,1114,1114
60093,P11_005N,Non-Hispanic White,12385,12385
60093,P11_006N,Non-Hispanic Black,91,91
60093,P11_007N,Non-Hispanic American Indian or Alaska Native,6,6
60093,P11_008N,Non-Hispanic Asian,820,820
60093,P11_009N,Non-Hispanic Native Hawaiian or Other Pacific Islander,1,1
60093,P11_010N,Non-Hispanic Other,46,46
60093,P11_011N,Non-Hispanic Two or More Races,326,326
60103,P11_002N,Hispanic or Latino,3341,1902
60103,P11_005N,Non-Hispanic White,21763,8167
60103,P11_006N,Non-Hispanic Black,755,391
60103,P11_007N,Non-Hispanic American Indian or Alaska Native,32,11
60103,P11_008N,Non-Hispanic Asian,5703,2654
60103,P11_009N,Non-Hispanic Native Hawaiian or Other Pacific Islander,7,5
60103,P11_010N,Non-Hispanic Other,77,37
60103,P11_011N,Non-Hispanic Two or More Races,774,310
60104,P11_002N,Hispanic or Latino,3484,3484
60104,P11_005N,Non-Hispanic White,526,526
60104,P11_006N,Non-Hispanic Black,10363,10363
60104,P11_007N,Non-Hispanic American Indian or Alaska Native,11,11
60104,P11_008N,Non-Hispanic Asian,107,107
60104,P11_009N,Non-Hispanic Native Hawaiian or Other Pacific Islander,1,1
60104,P11_010N,Non-Hispanic Other,37,37
60104,P11_011N,Non-Hispanic Two or More Races,236,236
60107,P11_002N,Hispanic or Latino,9227,9227
60107,P11_005N,Non-Hispanic White,14340,14340
60107,P11_006N,Non-Hispanic Black,1539,1539
60107,P11_007N,Non-Hispanic American Indian or Alaska Native,25,25
60107,P11_008N,Non-Hispanic Asian,5209,5209
60107,P11_009N,Non-Hispanic Native Hawaiian or Other Pacific Islander,2,2
60107,P11_010N,Non-Hispanic Other,77,77
60107,P11_011N,Non-Hispanic Two or More Races,590,590
60602,P11_002N,Hispanic or Latino,93,93
60602,P11_005N,Non-Hispanic White,679,679
60602,P11_006N,Non-Hispanic Black,67,67
60602,P11_007N,Non-Hispanic American Indian or Alaska Native,2,2
60602,P11_008N,Non-Hispanic Asian,249,249
60602,P11_009N,Non-Hispanic Native Hawaiian or Other Pacific Islander,0,0
60602,P11_010N,Non-Hispanic Other,9,9
60602,P11_011N,Non-Hispanic Two or More Races,51,51
60601,P11_002N,Hispanic or Latino,1056,1056
60601,P11_005N,Non-Hispanic White,8931,8931
60601,P11_006N,Non-Hispanic Black,759,759
60601,P11_007N,Non-Hispanic American Indian or Alaska Native,19,19
60601,P11_008N,Non-Hispanic Asian,3328,3328
60601,P11_009N,Non-Hispanic Native Hawaiian or Other Pacific Islander,0,0
60601,P11_010N,Non-Hispanic Other,86,86
60601,P11_011N,Non-Hispanic Two or More Races,568,568
60603,P11_002N,Hispanic or Latino,86,86
60603,P11_005N,Non-Hispanic White,702,702
60603,P11_006N,Non-Hispanic Black,54,54
60603,P11_007N,Non-Hispanic American Indian or Alaska Native,0,0
60603,P11_008N,Non-Hispanic Asian,310,310
60603,P11_009N,Non-Hispanic Native Hawaiian or Other Pacific Islander,0,0
60603,P11_010N,Non-Hispanic Other,10,10
60603,P11_011N,Non-Hispanic Two or More Races,46,46
60604,P11_002N,Hispanic or Latino,49,49
60604,P11_005N,Non-Hispanic White,505,505
60604,P11_006N,Non-Hispanic Black,74,74
60604,P11_007N,Non-Hispanic American Indian or Alaska Native,1,1
60604,P11_008N,Non-Hispanic Asian,174,174
60604,P11_009N,Non-Hispanic Native Hawaiian or Other Pacific Islander,0,0
60604,P11_010N,Non-Hispanic Other,4,4
60604,P11_011N,Non-Hispanic Two or More Races,40,40
60605,P11_002N,Hispanic or Latino,2351,2351
60605,P11_005N,Non-Hispanic White,16878,16878
60605,P11_006N,Non-Hispanic Black,4519,4519
60605,P11_007N,Non-Hispanic American Indian or Alaska Native,32,32
60605,P11_008N,Non-Hispanic Asian,5929,5929
60605,P11_009N,Non-Hispanic Native Hawaiian or Other Pacific Islander,21,21
60605,P11_010N,Non-Hispanic Other,173,173
60605,P11_011N,Non-Hispanic Two or More Races,1208,1208
60606,P11_002N,Hispanic or Latino,249,249
60606,P11_005N,Non-Hispanic White,2380,2380
60606,P11_006N,Non-Hispanic Black,193,193
60606,P11_007N,Non-Hispanic American Indian or Alaska Native,7,7
60606,P11_008N,Non-Hispanic Asian,624,624
60606,P11_009N,Non-Hispanic Native Hawaiian or Other Pacific Islander,0,0
60606,P11_010N,Non-Hispanic Other,14,14
60606,P11_011N,Non-Hispanic Two or More Races,157,157
60607,P11_002N,Hispanic or Latino,2405,2405
60607,P11_005N,Non-Hispanic White,14974,14974
60607,P11_006N,Non-Hispanic Black,3065,3065
60607,P11_007N,Non-Hispanic American Indian or Alaska Native,24,24
60607,P11_008N,Non-Hispanic Asian,6526,6526
60607,P11_009N,Non-Hispanic Native Hawaiian or Other Pacific Islander,12,12
60607,P11_010N,Non-Hispanic Other,295,295
60607,P11_011N,Non-Hispanic Two or More Races,797,797
60608,P11_002N,Hispanic or Latino,30108,30108
60608,P11_005N,Non-Hispanic White,12903,12903
60608,P11_006N,Non-Hispanic Black,9268,9268
60608,P11_007N,Non-Hispanic American Indian or Alaska Native,95,95
60608,P11_008N,Non-Hispanic Asian,8497,8497
60608,P11_009N,Non-Hispanic Native Hawaiian or Other Pacific Islander,19,19
60608,P11_010N,Non-Hispanic Other,230,230
60608,P11_011N,Non-Hispanic Two or More Races,995,995
60609,P11_002N,Hispanic or Latino,26470,26470
60609,P11_005N,Non-Hispanic White,7095,7095
60609,P11_006N,Non-Hispanic Black,10183,10183
60609,P11_007N,Non-Hispanic American Indian or Alaska Native,37,37
60609,P11_008N,Non-Hispanic Asian,3498,3498
60609,P11_009N,Non-Hispanic Native Hawaiian or Other Pacific Islander,6,6
60609,P11_010N,Non-Hispanic Other,129,129
60609,P11_011N,Non-Hispanic Two or More Races,621,621
60610,P11_002N,Hispanic or Latino,2383,2383
60610,P11_005N,Non-Hispanic White,28480,28480
60610,P11_006N,Non-Hispanic Black,4712,4712
60610,P11_007N,Non-Hispanic American Indian or Alaska Native,44,44
60610,P11_008N,Non-Hispanic Asian,3107,3107
60610,P11_009N,Non-Hispanic Native Hawaiian or Other Pacific Islander,4,4
60610,P11_010N,Non-Hispanic Other,116,116
60610,P11_011N,Non-Hispanic Two or More Races,1097,1097
60611,P11_002N,Hispanic or Latino,2203,2203
60611,P11_005N,Non-Hispanic White,25526,25526
60611,P11_006N,Non-Hispanic Black,1420,1420
60611,P11_007N,Non-Hispanic American Indian or Alaska Native,24,24
60611,P11_008N,Non-Hispanic Asian,5677,5677
60611,P11_009N,Non-Hispanic Native Hawaiian or Other Pacific Islander,10,10
60611,P11_010N,Non-Hispanic Other,140,140
60611,P11_011N,Non-Hispanic Two or More Races,1018,1018
60612,P11_002N,Hispanic or Latino,3406,3406
60612,P11_005N,Non-Hispanic White,6674,6674
60612,P11_006N,Non-Hispanic Black,14283,14283
60612,P11_007N,Non-Hispanic American Indian or Alaska Native,36,36
60612,P11_008N,Non-Hispanic Asian,1842,1842
60612,P11_009N,Non-Hispanic Native Hawaiian or Other Pacific Islander,7,7
60612,P11_010N,Non-Hispanic Other,120,120
60612,P11_011N,Non-Hispanic Two or More Races,693,693
60613,P11_002N,Hispanic or Latino,5058,5058
60613,P11_005N,Non-Hispanic White,32781,32781
60613,P11_006N,Non-Hispanic Black,3451,3451
60613,P11_007N,Non-Hispanic American Indian or Alaska Native,48,48
60613,P11_008N,Non-Hispanic Asian,3581,3581
60613,P11_009N,Non-Hispanic Native Hawaiian or Other Pacific Islander,14,14
60613,P11_010N,Non-Hispanic Other,198,198
60613,P11_011N,Non-Hispanic Two or More Races,1616,1616
60614,P11_002N,Hispanic or Latino,4261,4261
60614,P11_005N,Non-Hispanic White,49601,49601
60614,P11_006N,Non-Hispanic Black,2504,2504
60614,P11_007N,Non-Hispanic American Indian or Alaska Native,26,26
60614,P11_008N,Non-Hispanic Asian,4503,4503
60614,P11_009N,Non-Hispanic Native Hawaiian or Other Pacific Islander,20,20
60614,P11_010N,Non-Hispanic Other,194,194
60614,P11_011N,Non-Hispanic Two or More Races,1982,1982
60615,P11_002N,Hispanic or Latino,1981,1981
60615,P11_005N,Non-Hispanic White,8763,8763
60615,P11_006N,Non-Hispanic Black,20498,20498
60615,P11_007N,Non-Hispanic American Indian or Alaska Native,38,38
60615,P11_008N,Non-Hispanic Asian,3642,3642
60615,P11_009N,Non-Hispanic Native Hawaiian or Other Pacific Islander,9,9
60615,P11_010N,Non-Hispanic Other,152,152
60615,P11_011N,Non-Hispanic Two or More Races,1393,1393
60616,P11_002N,Hispanic or Latino,3784,3784
60616,P11_005N,Non-Hispanic White,10824,10824
60616,P11_006N,Non-Hispanic Black,11763,11763
60616,P11_007N,Non-Hispanic American Indian or Alaska Native,60,60
60616,P11_008N,Non-Hispanic Asian,18323,18323
60616,P11_009N,Non-Hispanic Native Hawaiian or Other Pacific Islander,17,17
60616,P11_010N,Non-Hispanic Other,242,242
60616,P11_011N,Non-Hispanic Two or More Races,951,951
60617,P11_002N,Hispanic or Latino,21383,21383
60617,P11_005N,Non-Hispanic White,3560,3560
60617,P11_006N,Non-Hispanic Black,33266,33266
60617,P11_007N,Non-Hispanic American Indian or Alaska Native,97,97
60617,P11_008N,Non-Hispanic Asian,129,129
60617,P11_009N,Non-Hispanic Native Hawaiian or Other Pacific Islander,4,4
60617,P11_010N,Non-Hispanic Other,174,174
60617,P11_011N,Non-Hispanic Two or More Races,970,970
60618,P11_002N,Hispanic or Latino,26010,26010
60618,P11_005N,Non-Hispanic White,36210,36210
60618,P11_006N,Non-Hispanic Black,2318,2318
60618,P11_007N,Non-Hispanic American Indian or Alaska Native,105,105
60618,P11_008N,Non-Hispanic Asian,4921,4921
60618,P11_009N,Non-Hispanic Native Hawaiian or Other Pacific Islander,20,20
60618,P11_010N,Non-Hispanic Other,303,303
60618,P11_011N,Non-Hispanic Two or More Races,1964,1964
60619,P11_002N,Hispanic or Latino,740,740
60619,P11_005N,Non-Hispanic White,309,309
60619,P11_006N,Non-Hispanic Black,48452,48452
60619,P11_007N,Non-Hispanic American Indian or Alaska Native,47,47
60619,P11_008N,Non-Hispanic Asian,49,49
60619,P11_009N,Non-Hispanic Native Hawaiian or Other Pacific Islander,8,8
60619,P11_010N,Non-Hispanic Other,148,148
60619,P11_011N,Non-Hispanic Two or More Races,1091,1091
60620,P11_002N,Hispanic or Latino,1409,1409
60620,P11_005N,Non-Hispanic White,302,302
60620,P11_006N,Non-Hispanic Black,49478,49478
60620,P11_007N,Non-Hispanic American Indian or Alaska Native,57,57
60620,P11_008N,Non-Hispanic Asian,58,58
60620,P11_009N,Non-Hispanic Native Hawaiian or Other Pacific Islander,3,3
60620,P11_010N,Non-Hispanic Other,131,131
60620,P11_011N,Non-Hispanic Two or More Races,880,880
60621,P11_002N,Hispanic or Latino,1076,1076
60621,P11_005N,Non-Hispanic White,200,200
60621,P11_006N,Non-Hispanic Black,20121,20121
60621,P11_007N,Non-Hispanic American Indian or Alaska Native,40,40
60621,P11_008N,Non-Hispanic Asian,34,34
60621,P11_009N,Non-Hispanic Native Hawaiian or Other Pacific Islander,4,4
60621,P11_010N,Non-Hispanic Other,68,68
60621,P11_011N,Non-Hispanic Two or More Races,424,424
60558,P11_002N,Hispanic or Latino,369,369
60558,P11_005N,Non-Hispanic White,8817,8817
60558,P11_006N,Non-Hispanic Black,41,41
60558,P11_007N,Non-Hispanic American Indian or Alaska Native,3,3
60558,P11_008N,Non-Hispanic Asian,181,181
60558,P11_009N,Non-Hispanic Native Hawaiian or Other Pacific Islander,1,1
60558,P11_010N,Non-Hispanic Other,15,15
60558,P11_011N,Non-Hispanic Two or More Races,190,190
60622,P11_002N,Hispanic or Latino,9656,9656
60622,P11_005N,Non-Hispanic White,30780,30780
60622,P11_006N,Non-Hispanic Black,2405,2405
60622,P11_007N,Non-Hispanic American Indian or Alaska Native,38,38
60622,P11_008N,Non-Hispanic Asian,2639,2639
60622,P11_009N,Non-Hispanic Native Hawaiian or Other Pacific Islander,13,13
60622,P11_010N,Non-Hispanic Other,142,142
60622,P11_011N,Non-Hispanic Two or More Races,1592,1592
60623,P11_002N,Hispanic or Latino,41754,41754
60623,P11_005N,Non-Hispanic White,1613,1613
60623,P11_006N,Non-Hispanic Black,18626,18626
60623,P11_007N,Non-Hispanic American Indian or Alaska Native,82,82
60623,P11_008N,Non-Hispanic Asian,128,128
60623,P11_009N,Non-Hispanic Native Hawaiian or Other Pacific Islander,5,5
60623,P11_010N,Non-Hispanic Other,134,134
60623,P11_011N,Non-Hispanic Two or More Races,469,469
60624,P11_002N,Hispanic or Latino,2393,2393
60624,P11_005N,Non-Hispanic White,772,772
60624,P11_006N,Non-Hispanic Black,23621,23621
60624,P11_007N,Non-Hispanic American Indian or Alaska Native,64,64
60624,P11_008N,Non-Hispanic Asian,64,64
60624,P11_009N,Non-Hispanic Native Hawaiian or Other Pacific Islander,4,4
60624,P11_010N,Non-Hispanic Other,62,62
60624,P11_011N,Non-Hispanic Two or More Races,485,485
60625,P11_002N,Hispanic or Latino,19125,19125
60625,P11_005N,Non-Hispanic White,28499,28499
60625,P11_006N,Non-Hispanic Black,2928,2928
60625,P11_007N,Non-Hispanic American Indian or Alaska Native,123,123
60625,P11_008N,Non-Hispanic Asian,8888,8888
60625,P11_009N,Non-Hispanic Native Hawaiian or Other Pacific Islander,25,25
60625,P11_010N,Non-Hispanic Other,321,321
60625,P11_011N,Non-Hispanic Two or More Races,1713,1713
60626,P11_002N,Hispanic or Latino,8278,8278
60626,P11_005N,Non-Hispanic White,19723,19723
60626,P11_006N,Non-Hispanic Black,9712,9712
60626,P11_007N,Non-Hispanic American Indian or Alaska Native,97,97
60626,P11_008N,Non-Hispanic Asian,3375,3375
60626,P11_009N,Non-Hispanic Native Hawaiian or Other Pacific Islander,9,9
60626,P11_010N,Non-Hispanic Other,381,381
60626,P11_011N,Non-Hispanic Two or More Races,1799,1799
60628,P11_002N,Hispanic or Latino,1959,1959
60628,P11_005N,Non-Hispanic White,738,738
60628,P11_006N,Non-Hispanic Black,45181,45181
60628,P11_007N,Non-Hispanic American Indian or Alaska Native,70,70
60628,P11_008N,Non-Hispanic Asian,47,47
60628,P11_009N,Non-Hispanic Native Hawaiian or Other Pacific Islander,6,6
60628,P11_010N,Non-Hispanic Other,153,153
60628,P11_011N,Non-Hispanic Two or More Races,892,892
60629,P11_002N,Hispanic or Latino,61284,61284
60629,P11_005N,Non-Hispanic White,5914,5914
60629,P11_006N,Non-Hispanic Black,14807,14807
60629,P11_007N,Non-Hispanic American Indian or Alaska Native,78,78
60629,P11_008N,Non-Hispanic Asian,476,476
60629,P11_009N,Non-Hispanic Native Hawaiian or Other Pacific Islander,5,5
60629,P11_010N,Non-Hispanic Other,246,246
60629,P11_011N,Non-Hispanic Two or More Races,530,530
60630,P11_002N,Hispanic or Latino,11425,11425
60630,P11_005N,Non-Hispanic White,24621,24621
60630,P11_006N,Non-Hispanic Black,679,679
60630,P11_007N,Non-Hispanic American Indian or Alaska Native,73,73
60630,P11_008N,Non-Hispanic Asian,5322,5322
60630,P11_009N,Non-Hispanic Native Hawaiian or Other Pacific Islander,21,21
60630,P11_010N,Non-Hispanic Other,182,182
60630,P11_011N,Non-Hispanic Two or More Races,1141,1141
60631,P11_002N,Hispanic or Latino,2478,2478
60631,P11_005N,Non-Hispanic White,19355,19355
60631,P11_006N,Non-Hispanic Black,171,171
60631,P11_007N,Non-Hispanic American Indian or Alaska Native,15,15
60631,P11_008N,Non-Hispanic Asian,844,844
60631,P11_009N,Non-Hispanic Native Hawaiian or Other Pacific Islander,0,0
60631,P11_010N,Non-Hispanic Other,104,104
60631,P11_011N,Non-Hispanic Two or More Races,482,482
60632,P11_002N,Hispanic or Latino,54887,54887
60632,P11_005N,Non-Hispanic White,5627,5627
60632,P11_006N,Non-Hispanic Black,998,998
60632,P11_007N,Non-Hispanic American Indian or Alaska Native,66,66
60632,P11_008N,Non-Hispanic Asian,4996,4996
60632,P11_009N,Non-Hispanic Native Hawaiian or Other Pacific Islander,9,9
60632,P11_010N,Non-Hispanic Other,176,176
60632,P11_011N,Non-Hispanic Two or More Races,290,290
60633,P11_002N,Hispanic or Latino,4356,4356
60633,P11_005N,Non-Hispanic White,3108,3108
60633,P11_006N,Non-Hispanic Black,2534,2534
60633,P11_007N,Non-Hispanic American Indian or Alaska Native,10,10
60633,P11_008N,Non-Hispanic Asian,44,44
60633,P11_009N,Non-Hispanic Native Hawaiian or Other Pacific Islander,1,1
60633,P11_010N,Non-Hispanic Other,39,39
60633,P11_011N,Non-Hispanic Two or More Races,162,162
60634,P11_002N,Hispanic or Latino,23770,23770
60634,P11_005N,Non-Hispanic White,30976,30976
60634,P11_006N,Non-Hispanic Black,1249,1249
60634,P11_007N,Non-Hispanic American Indian or Alaska Native,58,58
60634,P11_008N,Non-Hispanic Asian,3279,3279
60634,P11_009N,Non-Hispanic Native Hawaiian or Other Pacific Islander,10,10
60634,P11_010N,Non-Hispanic Other,184,184
60634,P11_011N,Non-Hispanic Two or More Races,910,910
60636,P11_002N,Hispanic or Latino,4398,4398
60636,P11_005N,Non-Hispanic White,171,171
60636,P11_006N,Non-Hispanic Black,20495,20495
60636,P11_007N,Non-Hispanic American Indian or Alaska Native,29,29
60636,P11_008N,Non-Hispanic Asian,32,32
60636,P11_009N,Non-Hispanic Native Hawaiian or Other Pacific Islander,6,6
60636,P11_010N,Non-Hispanic Other,84,84
60636,P11_011N,Non-Hispanic Two or More Races,503,503
60637,P11_002N,Hispanic or Latino,1690,1690
60637,P11_005N,Non-Hispanic White,6391,6391
60637,P11_006N,Non-Hispanic Black,28871,28871
60637,P11_007N,Non-Hispanic American Indian or Alaska Native,56,56
60637,P11_008N,Non-Hispanic Asian,2671,2671
60637,P11_009N,Non-Hispanic Native Hawaiian or Other Pacific Islander,13,13
60637,P11_010N,Non-Hispanic Other,208,208
60637,P11_011N,Non-Hispanic Two or More Races,1254,1254
60638,P11_002N,Hispanic or Latino,21435,21435
60638,P11_005N,Non-Hispanic White,19822,19822
60638,P11_006N,Non-Hispanic Black,1597,1597
60638,P11_007N,Non-Hispanic American Indian or Alaska Native,68,68
60638,P11_008N,Non-Hispanic Asian,495,495
60638,P11_009N,Non-Hispanic Native Hawaiian or Other Pacific Islander,10,10
60638,P11_010N,Non-Hispanic Other,123,123
60638,P11_011N,Non-Hispanic Two or More Races,423,423
60639,P11_002N,Hispanic or Latino,51115,51115
60639,P11_005N,Non-Hispanic White,4873,4873
60639,P11_006N,Non-Hispanic Black,8919,8919
60639,P11_007N,Non-Hispanic American Indian or Alaska Native,59,59
60639,P11_008N,Non-Hispanic Asian,879,879
60639,P11_009N,Non-Hispanic Native Hawaiian or Other Pacific Islander,11,11
60639,P11_010N,Non-Hispanic Other,202,202
60639,P11_011N,Non-Hispanic Two or More Races,516,516
60640,P11_002N,Hispanic or Latino,7345,7345
60640,P11_005N,Non-Hispanic White,33262,33262
60640,P11_006N,Non-Hispanic Black,8896,8896
60640,P11_007N,Non-Hispanic American Indian or Alaska Native,96,96
60640,P11_008N,Non-Hispanic Asian,6621,6621
60640,P11_009N,Non-Hispanic Native Hawaiian or Other Pacific Islander,19,19
60640,P11_010N,Non-Hispanic Other,281,281
60640,P11_011N,Non-Hispanic Two or More Races,2160,2160
60641,P11_002N,Hispanic or Latino,28106,28106
60641,P11_005N,Non-Hispanic White,20694,20694
60641,P11_006N,Non-Hispanic Black,1646,1646
60641,P11_007N,Non-Hispanic American Indian or Alaska Native,108,108
60641,P11_008N,Non-Hispanic Asian,2798,2798
60641,P11_009N,Non-Hispanic Native Hawaiian or Other Pacific Islander,8,8
60641,P11_010N,Non-Hispanic Other,207,207
60641,P11_011N,Non-Hispanic Two or More Races,1056,1056
60642,P11_002N,Hispanic or Latino,3112,3112
60642,P11_005N,Non-Hispanic White,12421,12421
60642,P11_006N,Non-Hispanic Black,1742,1742
60642,P11_007N,Non-Hispanic American Indian or Alaska Native,12,12
60642,P11_008N,Non-Hispanic Asian,1441,1441
60642,P11_009N,Non-Hispanic Native Hawaiian or Other Pacific Islander,3,3
60642,P11_010N,Non-Hispanic Other,85,85
60642,P11_011N,Non-Hispanic Two or More Races,637,637
60643,P11_002N,Hispanic or Latino,1297,1297
60643,P11_005N,Non-Hispanic White,7893,7893
60643,P11_006N,Non-Hispanic Black,27437,27437
60643,P11_007N,Non-Hispanic American Indian or Alaska Native,54,54
60643,P11_008N,Non-Hispanic Asian,170,170
60643,P11_009N,Non-Hispanic Native Hawaiian or Other Pacific Islander,5,5
60643,P11_010N,Non-Hispanic Other,125,125
60643,P11_011N,Non-Hispanic Two or More Races,847,847
60644,P11_002N,Hispanic or Latino,2980,2980
60644,P11_005N,Non-Hispanic White,772,772
60644,P11_006N,Non-Hispanic Black,31403,31403
60644,P11_007N,Non-Hispanic American Indian or Alaska Native,38,38
60644,P11_008N,Non-Hispanic Asian,62,62
60644,P11_009N,Non-Hispanic Native Hawaiian or Other Pacific Islander,4,4
60644,P11_010N,Non-Hispanic Other,71,71
60644,P11_011N,Non-Hispanic Two or More Races,500,500
60645,P11_002N,Hispanic or Latino,7114,7114
60645,P11_005N,Non-Hispanic White,14928,14928
60645,P11_006N,Non-Hispanic Black,5982,5982
60645,P11_007N,Non-Hispanic American Indian or Alaska Native,58,58
60645,P11_008N,Non-Hispanic Asian,6611,6611
60645,P11_009N,Non-Hispanic Native Hawaiian or Other Pacific Islander,7,7
60645,P11_010N,Non-Hispanic Other,357,357
60645,P11_011N,Non-Hispanic Two or More Races,1024,1024
60646,P11_002N,Hispanic or Latino,2891,2891
60646,P11_005N,Non-Hispanic White,15508,15508
60646,P11_006N,Non-Hispanic Black,302,302
60646,P11_007N,Non-Hispanic American Indian or Alaska Native,29,29
60646,P11_008N,Non-Hispanic Asian,2761,2761
60646,P11_009N,Non-Hispanic Native Hawaiian or Other Pacific Islander,3,3
60646,P11_010N,Non-Hispanic Other,99,99
60646,P11_011N,Non-Hispanic Two or More Races,504,504
60647,P11_002N,Hispanic or Latino,26033,26033
60647,P11_005N,Non-Hispanic White,36467,36467
60647,P11_006N,Non-Hispanic Black,3269,3269
60647,P11_007N,Non-Hispanic American Indian or Alaska Native,71,71
60647,P11_008N,Non-Hispanic Asian,3142,3142
60647,P11_009N,Non-Hispanic Native Hawaiian or Other Pacific Islander,17,17
60647,P11_010N,Non-Hispanic Other,269,269
60647,P11_011N,Non-Hispanic Two or More Races,2072,2072
60649,P11_002N,Hispanic or Latino,788,788
60649,P11_005N,Non-Hispanic White,804,804
60649,P11_006N,Non-Hispanic Black,35195,35195
60649,P11_007N,Non-Hispanic American Indian or Alaska Native,57,57
60649,P11_008N,Non-Hispanic Asian,128,128
60649,P11_009N,Non-Hispanic Native Hawaiian or Other Pacific Islander,12,12
60649,P11_010N,Non-Hispanic Other,105,105
60649,P11_011N,Non-Hispanic Two or More Races,1052,1052
60651,P11_002N,Hispanic or Latino,20048,20048
60651,P11_005N,Non-Hispanic White,2649,2649
60651,P11_006N,Non-Hispanic Black,24168,24168
60651,P11_007N,Non-Hispanic American Indian or Alaska Native,51,51
60651,P11_008N,Non-Hispanic Asian,262,262
60651,P11_009N,Non-Hispanic Native Hawaiian or Other Pacific Islander,1,1
60651,P11_010N,Non-Hispanic Other,127,127
60651,P11_011N,Non-Hispanic Two or More Races,657,657
60652,P11_002N,Hispanic or Latino,13111,13111
60652,P11_005N,Non-Hispanic White,3373,3373
60652,P11_006N,Non-Hispanic Black,14017,14017
60652,P11_007N,Non-Hispanic American Indian or Alaska Native,21,21
60652,P11_008N,Non-Hispanic Asian,182,182
60652,P11_009N,Non-Hispanic Native Hawaiian or Other Pacific Islander,2,2
60652,P11_010N,Non-Hispanic Other,90,90
60652,P11_011N,Non-Hispanic Two or More Races,417,417
60653,P11_002N,Hispanic or Latino,766,766
60653,P11_005N,Non-Hispanic White,1002,1002
60653,P11_006N,Non-Hispanic Black,22793,22793
60653,P11_007N,Non-Hispanic American Indian or Alaska Native,27,27
60653,P11_008N,Non-Hispanic Asian,220,220
60653,P11_009N,Non-Hispanic Native Hawaiian or Other Pacific Islander,5,5
60653,P11_010N,Non-Hispanic Other,98,98
60653,P11_011N,Non-Hispanic Two or More Races,687,687
60438,P11_002N,Hispanic or Latino,4074,4074
60438,P11_005N,Non-Hispanic White,7925,7925
60438,P11_006N,Non-Hispanic Black,10027,10027
60438,P11_007N,Non-Hispanic American Indian or Alaska Native,24,24
60438,P11_008N,Non-Hispanic Asian,208,208
60438,P11_009N,Non-Hispanic Native Hawaiian or Other Pacific Islander,4,4
60438,P11_010N,Non-Hispanic Other,121,121
60438,P11_011N,Non-Hispanic Two or More Races,474,474
60439,P11_002N,Hispanic or Latino,1165,1017
60439,P11_005N,Non-Hispanic White,16913,15674
60439,P11_006N,Non-Hispanic Black,168,139
60439,P11_007N,Non-Hispanic American Indian or Alaska Native,3,0
60439,P11_008N,Non-Hispanic Asian,495,444
60439,P11_009N,Non-Hispanic Native Hawaiian or Other Pacific Islander,6,6
60439,P11_010N,Non-Hispanic Other,32,22
60439,P11_011N,Non-Hispanic Two or More Races,348,298
60443,P11_002N,Hispanic or Latino,967,967
60443,P11_005N,Non-Hispanic White,2688,2688
60443,P11_006N,Non-Hispanic Black,12405,12405
60443,P11_007N,Non-Hispanic American Indian or Alaska Native,18,18
60443,P11_008N,Non-Hispanic Asian,204,204
60443,P11_009N,Non-Hispanic Native Hawaiian or Other Pacific Islander,2,2
60443,P11_010N,Non-Hispanic Other,90,90
60443,P11_011N,Non-Hispanic Two or More Races,360,360
60445,P11_002N,Hispanic or Latino,3038,3038
60445,P11_005N,Non-Hispanic White,6367,6367
60445,P11_006N,Non-Hispanic Black,1392,1392
60445,P11_007N,Non-Hispanic American Indian or Alaska Native,11,11
60445,P11_008N,Non-Hispanic Asian,170,170
60445,P11_009N,Non-Hispanic Native Hawaiian or Other Pacific Islander,3,3
60445,P11_010N,Non-Hispanic Other,34,34
60445,P11_011N,Non-Hispanic Two or More Races,309,309
60462,P11_002N,Hispanic or Latino,2530,2530
60462,P11_005N,Non-Hispanic White,26724,26724
60462,P11_006N,Non-Hispanic Black,1097,1097
60462,P11_007N,Non-Hispanic American Indian or Alaska Native,25,25
60462,P11_008N,Non-Hispanic Asian,1445,1445
60462,P11_009N,Non-Hispanic Native Hawaiian or Other Pacific Islander,2,2
60462,P11_010N,Non-Hispanic Other,89,89
60462,P11_011N,Non-Hispanic Two or More Races,601,601
60463,P11_002N,Hispanic or Latino,577,577
60463,P11_005N,Non-Hispanic White,10361,10361
60463,P11_006N,Non-Hispanic Black,181,181
60463,P11_007N,Non-Hispanic American Indian or Alaska Native,5,5
60463,P11_008N,Non-Hispanic Asian,215,215
60463,P11_009N,Non-Hispanic Native Hawaiian or Other Pacific Islander,0,0
60463,P11_010N,Non-Hispanic Other,20,20
60463,P11_011N,Non-Hispanic Two or More Races,182,182
60464,P11_002N,Hispanic or Latino,432,432
60464,P11_005N,Non-Hispanic White,7404,7404
60464,P11_006N,Non-Hispanic Black,71,71
60464,P11_007N,Non-Hispanic American Indian or Alaska Native,0,0
60464,P11_008N,Non-Hispanic Asian,202,202
60464,P11_009N,Non-Hispanic Native Hawaiian or Other Pacific Islander,2,2
60464,P11_010N,Non-Hispanic Other,28,28
60464,P11_011N,Non-Hispanic Two or More Races,144,144
60465,P11_002N,Hispanic or Latino,1363,1363
60465,P11_005N,Non-Hispanic White,11916,11916
60465,P11_006N,Non-Hispanic Black,808,808
60465,P11_007N,Non-Hispanic American Indian or Alaska Native,9,9
60465,P11_008N,Non-Hispanic Asian,327,327
60465,P11_009N,Non-Hispanic Native Hawaiian or Other Pacific Islander,0,0
60465,P11_010N,Non-Hispanic Other,57,57
60465,P11_011N,Non-Hispanic Two or More Races,259,259
60466,P11_002N,Hispanic or Latino,1123,966
60466,P11_005N,Non-Hispanic White,3700,3155
60466,P11_006N,Non-Hispanic Black,11236,9459
60466,P11_007N,Non-Hispanic American Indian or Alaska Native,23,16
60466,P11_008N,Non-Hispanic Asian,141,114
60466,P11_009N,Non-Hispanic Native Hawaiian or Other Pacific Islander,6,6
60466,P11_010N,Non-Hispanic Other,92,78
60466,P11_011N,Non-Hispanic Two or More Races,568,463
60467,P11_002N,Hispanic or Latino,1083,977
60467,P11_005N,Non-Hispanic White,17876,16043
60467,P11_006N,Non-Hispanic Black,549,539
60467,P11_007N,Non-Hispanic American Indian or Alaska Native,18,18
60467,P11_008N,Non-Hispanic Asian,1224,1200
60467,P11_009N,Non-Hispanic Native Hawaiian or Other Pacific Islander,1,1
60467,P11_010N,Non-Hispanic Other,38,35
60467,P11_011N,Non-Hispanic Two or More Races,351,323
60469,P11_002N,Hispanic or Latino,2317,2317
60469,P11_005N,Non-Hispanic White,986,986
60469,P11_006N,Non-Hispanic Black,684,684
60469,P11_007N,Non-Hispanic American Indian or Alaska Native,5,5
60469,P11_008N,Non-Hispanic Asian,26,26
60469,P11_009N,Non-Hispanic Native Hawaiian or Other Pacific Islander,0,0
60469,P11_010N,Non-Hispanic Other,6,6
60469,P11_011N,Non-Hispanic Two or More Races,57,57
60471,P11_002N,Hispanic or Latino,413,402
60471,P11_005N,Non-Hispanic White,780,764
60471,P11_006N,Non-Hispanic Black,8704,8699
60471,P11_007N,Non-Hispanic American Indian or Alaska Native,18,18
60471,P11_008N,Non-Hispanic Asian,88,85
60471,P11_009N,Non-Hispanic Native Hawaiian or Other Pacific Islander,1,1
60471,P11_010N,Non-Hispanic Other,32,32
60471,P11_011N,Non-Hispanic Two or More Races,212,207
60472,P11_002N,Hispanic or Latino,229,229
60472,P11_005N,Non-Hispanic White,210,210
60472,P11_006N,Non-Hispanic Black,3111,3111
60472,P11_007N,Non-Hispanic American Indian or Alaska Native,2,2
60472,P11_008N,Non-Hispanic Asian,10,10
60472,P11_009N,Non-Hispanic Native Hawaiian or Other Pacific Islander,0,0
60472,P11_010N,Non-Hispanic Other,16,16
60472,P11_011N,Non-Hispanic Two or More Races,68,68
60473,P11_002N,Hispanic or Latino,997,997
60473,P11_005N,Non-Hispanic White,2009,2009
60473,P11_006N,Non-Hispanic Black,13447,13447
60473,P11_007N,Non-Hispanic American Indian or Alaska Native,19,19
60473,P11_008N,Non-Hispanic Asian,82,82
60473,P11_009N,Non-Hispanic Native Hawaiian or Other Pacific Islander,1,1
60473,P11_010N,Non-Hispanic Other,59,59
60473,P11_011N,Non-Hispanic Two or More Races,336,336
60475,P11_002N,Hispanic or Latino,1377,708
60475,P11_005N,Non-Hispanic White,4141,1889
60475,P11_006N,Non-Hispanic Black,1923,569
60475,P11_007N,Non-Hispanic American Indian or Alaska Native,8,6
60475,P11_008N,Non-Hispanic Asian,68,58
60475,P11_009N,Non-Hispanic Native Hawaiian or Other Pacific Islander,2,2
60475,P11_010N,Non-Hispanic Other,37,17
60475,P11_011N,Non-Hispanic Two or More Races,256,108
60476,P11_002N,Hispanic or Latino,287,287
60476,P11_005N,Non-Hispanic White,1162,1162
60476,P11_006N,Non-Hispanic Black,401,401
60476,P11_007N,Non-Hispanic American Indian or Alaska Native,3,3
60476,P11_008N,Non-Hispanic Asian,6,6
60476,P11_009N,Non-Hispanic Native Hawaiian or Other Pacific Islander,0,0
60476,P11_010N,Non-Hispanic Other,8,8
60476,P11_011N,Non-Hispanic Two or More Races,42,42
60477,P11_002N,Hispanic or Latino,2315,2313
60477,P11_005N,Non-Hispanic White,24101,24099
60477,P11_006N,Non-Hispanic Black,2289,2279
60477,P11_007N,Non-Hispanic American Indian or Alaska Native,9,9
60477,P11_008N,Non-Hispanic Asian,1011,1011
60477,P11_009N,Non-Hispanic Native Hawaiian or Other Pacific Islander,4,4
60477,P11_010N,Non-Hispanic Other,71,71
60477,P11_011N,Non-Hispanic Two or More Races,630,630
60478,P11_002N,Hispanic or Latino,561,561
60478,P11_005N,Non-Hispanic White,953,953
60478,P11_006N,Non-Hispanic Black,10634,10634
60478,P11_007N,Non-Hispanic American Indian or Alaska Native,17,17
60478,P11_008N,Non-Hispanic Asian,102,102
60478,P11_009N,Non-Hispanic Native Hawaiian or Other Pacific Islander,1,1
60478,P11_010N,Non-Hispanic Other,30,30
60478,P11_011N,Non-Hispanic Two or More Races,271,271
60480,P11_002N,Hispanic or Latino,480,480
60480,P11_005N,Non-Hispanic White,3541,3541
60480,P11_006N,Non-Hispanic Black,53,53
60480,P11_007N,Non-Hispanic American Indian or Alaska Native,9,9
60480,P11_008N,Non-Hispanic Asian,141,141
60480,P11_009N,Non-Hispanic Native Hawaiian or Other Pacific Islander,0,0
60480,P11_010N,Non-Hispanic Other,5,5
60480,P11_011N,Non-Hispanic Two or More Races,107,107
60482,P11_002N,Hispanic or Latino,1157,1157
60482,P11_005N,Non-Hispanic White,6801,6801
60482,P11_006N,Non-Hispanic Black,368,368
60482,P11_007N,Non-Hispanic American Indian or Alaska Native,5,5
60482,P11_008N,Non-Hispanic Asian,205,205
60482,P11_009N,Non-Hispanic Native Hawaiian or Other Pacific Islander,5,5
60482,P11_010N,Non-Hispanic Other,49,49
60482,P11_011N,Non-Hispanic Two or More Races,221,221
60487,P11_002N,Hispanic or Latino,1559,1154
60487,P11_005N,Non-Hispanic White,16336,11802
60487,P11_006N,Non-Hispanic Black,963,658
60487,P11_007N,Non-Hispanic American Indian or Alaska Native,4,4
60487,P11_008N,Non-Hispanic Asian,1151,699
60487,P11_009N,Non-Hispanic Native Hawaiian or Other Pacific Islander,1,1
60487,P11_010N,Non-Hispanic Other,41,28
60487,P11_011N,Non-Hispanic Two or More Races,403,289
60501,P11_002N,Hispanic or Latino,5648,5648
60501,P11_005N,Non-Hispanic White,1888,1888
60501,P11_006N,Non-Hispanic Black,725,725
60501,P11_007N,Non-Hispanic American Indian or Alaska Native,20,20
60501,P11_008N,Non-Hispanic Asian,176,176
60501,P11_009N,Non-Hispanic Native Hawaiian or Other Pacific Islander,3,3
60501,P11_010N,Non-Hispanic Other,22,22
60501,P11_011N,Non-Hispanic Two or More Races,101,101
60449,P11_002N,Hispanic or Latino,627,9
60449,P11_005N,Non-Hispanic White,4967,2
60449,P11_006N,Non-Hispanic Black,1243,3
60449,P11_007N,Non-Hispanic American Indian or Alaska Native,12,0
60449,P11_008N,Non-Hispanic Asian,102,0
60449,P11_009N,Non-Hispanic Native Hawaiian or Other Pacific Islander,0,0
60449,P11_010N,Non-Hispanic Other,28,0
60449,P11_011N,Non-Hispanic Two or More Races,220,1
60452,P11_002N,Hispanic or Latino,2925,2925
60452,P11_005N,Non-Hispanic White,15245,15245
60452,P11_006N,Non-Hispanic Black,1564,1564
60452,P11_007N,Non-Hispanic American Indian or Alaska Native,54,54
60452,P11_008N,Non-Hispanic Asian,1062,1062
60452,P11_009N,Non-Hispanic Native Hawaiian or Other Pacific Islander,3,3
60452,P11_010N,Non-Hispanic Other,91,91
60452,P11_011N,Non-Hispanic Two or More Races,518,518
60453,P11_002N,Hispanic or Latino,9061,9061
60453,P11_005N,Non-Hispanic White,30719,30719
60453,P11_006N,Non-Hispanic Black,3509,3509
60453,P11_007N,Non-Hispanic American Indian or Alaska Native,74,74
60453,P11_008N,Non-Hispanic Asian,1315,1315
60453,P11_009N,Non-Hispanic Native Hawaiian or Other Pacific Islander,5,5
60453,P11_010N,Non-Hispanic Other,133,133
60453,P11_011N,Non-Hispanic Two or More Races,942,942
60455,P11_002N,Hispanic or Latino,2735,2735
60455,P11_005N,Non-Hispanic White,8985,8985
60455,P11_006N,Non-Hispanic Black,552,552
60455,P11_007N,Non-Hispanic American Indian or Alaska Native,11,11
60455,P11_008N,Non-Hispanic Asian,454,454
60455,P11_009N,Non-Hispanic Native Hawaiian or Other Pacific Islander,4,4
60455,P11_010N,Non-Hispanic Other,40,40
60455,P11_011N,Non-Hispanic Two or More Races,310,310
60456,P11_002N,Hispanic or Latino,725,725
60456,P11_005N,Non-Hispanic White,2603,2603
60456,P11_006N,Non-Hispanic Black,56,56
60456,P11_007N,Non-Hispanic American Indian or Alaska Native,7,7
60456,P11_008N,Non-Hispanic Asian,31,31
60456,P11_009N,Non-Hispanic Native Hawaiian or Other Pacific Islander,2,2
60456,P11_010N,Non-Hispanic Other,7,7
60456,P11_011N,Non-Hispanic Two or More Races,67,67
60457,P11_002N,Hispanic or Latino,1657,1657
60457,P11_005N,Non-Hispanic White,8685,8685
60457,P11_006N,Non-Hispanic Black,360,360
60457,P11_007N,Non-Hispanic American Indian or Alaska Native,9,9
60457,P11_008N,Non-Hispanic Asian,288,288
60457,P11_009N,Non-Hispanic Native Hawaiian or Other Pacific Islander,0,0
60457,P11_010N,Non-Hispanic Other,33,33
60457,P11_011N,Non-Hispanic Two or More Races,233,233
60458,P11_002N,Hispanic or Latino,1996,1996
60458,P11_005N,Non-Hispanic White,6559,6559
60458,P11_006N,Non-Hispanic Black,1928,1928
60458,P11_007N,Non-Hispanic American Indian or Alaska Native,12,12
60458,P11_008N,Non-Hispanic Asian,185,185
60458,P11_009N,Non-Hispanic Native Hawaiian or Other Pacific Islander,2,2
60458,P11_010N,Non-Hispanic Other,29,29
60458,P11_011N,Non-Hispanic Two or More Races,236,236
60459,P11_002N,Hispanic or Latino,8025,8025
60459,P11_005N,Non-Hispanic White,12917,12917
60459,P11_006N,Non-Hispanic Black,413,413
60459,P11_007N,Non-Hispanic American Indian or Alaska Native,22,22
60459,P11_008N,Non-Hispanic Asian,733,733
60459,P11_009N,Non-Hispanic Native Hawaiian or Other Pacific Islander,4,4
60459,P11_010N,Non-Hispanic Other,56,56
60459,P11_011N,Non-Hispanic Two or More Races,360,360
60461,P11_002N,Hispanic or Latino,109,109
60461,P11_005N,Non-Hispanic White,706,706
60461,P11_006N,Non-Hispanic Black,3099,3099
60461,P11_007N,Non-Hispanic American Indian or Alaska Native,3,3
60461,P11_008N,Non-Hispanic Asian,63,63
60461,P11_009N,Non-Hispanic Native Hawaiian or Other Pacific Islander,0,0
60461,P11_010N,Non-Hispanic Other,26,26
60461,P11_011N,Non-Hispanic Two or More Races,86,86
60004,P11_002N,Hispanic or Latino,3081,3081
60004,P11_005N,Non-Hispanic White,31908,31908
60004,P11_006N,Non-Hispanic Black,662,662
60004,P11_007N,Non-Hispanic American Indian or Alaska Native,32,32
60004,P11_008N,Non-Hispanic Asian,4033,4033
60004,P11_009N,Non-Hispanic Native Hawaiian or Other Pacific Islander,10,10
60004,P11_010N,Non-Hispanic Other,94,94
60004,P11_011N,Non-Hispanic Two or More Races,789,789
60005,P11_002N,Hispanic or Latino,2299,2299
60005,P11_005N,Non-Hispanic White,18334,18334
60005,P11_006N,Non-Hispanic Black,498,498
60005,P11_007N,Non-Hispanic American Indian or Alaska Native,13,13
60005,P11_008N,Non-Hispanic Asian,2454,2454
60005,P11_009N,Non-Hispanic Native Hawaiian or Other Pacific Islander,2,2
60005,P11_010N,Non-Hispanic Other,61,61
60005,P11_011N,Non-Hispanic Two or More Races,455,455
60007,P11_002N,Hispanic or Latino,3043,3043
60007,P11_005N,Non-Hispanic White,20216,20216
60007,P11_006N,Non-Hispanic Black,492,492
60007,P11_007N,Non-Hispanic American Indian or Alaska Native,32,32
60007,P11_008N,Non-Hispanic Asian,3146,3146
60007,P11_009N,Non-Hispanic Native Hawaiian or Other Pacific Islander,4,4
60007,P11_010N,Non-Hispanic Other,60,60
60007,P11_011N,Non-Hispanic Two or More Races,541,541
60008,P11_002N,Hispanic or Latino,4196,4196
60008,P11_005N,Non-Hispanic White,10940,10940
60008,P11_006N,Non-Hispanic Black,453,453
60008,P11_007N,Non-Hispanic American Indian or Alaska Native,6,6
60008,P11_008N,Non-Hispanic Asian,2078,2078
60008,P11_009N,Non-Hispanic Native Hawaiian or Other Pacific Islander,11,11
60008,P11_010N,Non-Hispanic Other,38,38
60008,P11_011N,Non-Hispanic Two or More Races,403,403
60010,P11_002N,Hispanic or Latino,1386,623
60010,P11_005N,Non-Hispanic White,28985,11512
60010,P11_006N,Non-Hispanic Black,279,115
60010,P11_007N,Non-Hispanic American Indian or Alaska Native,32,8
60010,P11_008N,Non-Hispanic Asian,4271,3216
60010,P11_009N,Non-Hispanic Native Hawaiian or Other Pacific Islander,1,1
60010,P11_010N,Non-Hispanic Other,83,29
60010,P11_011N,Non-Hispanic Two or More Races,712,260
60015,P11_002N,Hispanic or Latino,824,20
60015,P11_005N,Non-Hispanic White,17746,395
60015,P11_006N,Non-Hispanic Black,249,9
60015,P11_007N,Non-Hispanic American Indian or Alaska Native,11,0
60015,P11_008N,Non-Hispanic Asian,1734,38
60015,P11_009N,Non-Hispanic Native Hawaiian or Other Pacific Islander,1,0
60015,P11_010N,Non-Hispanic Other,95,0
60015,P11_011N,Non-Hispanic Two or More Races,366,7
60016,P11_002N,Hispanic or Latino,6366,6366
60016,P11_005N,Non-Hispanic White,28982,28982
60016,P11_006N,Non-Hispanic Black,1879,1879
60016,P11_007N,Non-Hispanic American Indian or Alaska Native,47,47
60016,P11_008N,Non-Hispanic Asian,12282,12282
60016,P11_009N,Non-Hispanic Native Hawaiian or Other Pacific Islander,6,6
60016,P11_010N,Non-Hispanic Other,271,271
60016,P11_011N,Non-Hispanic Two or More Races,907,907
60018,P11_002N,Hispanic or Latino,7956,7956
60018,P11_005N,Non-Hispanic White,11794,11794
60018,P11_006N,Non-Hispanic Black,409,409
60018,P11_007N,Non-Hispanic American Indian or Alaska Native,9,9
60018,P11_008N,Non-Hispanic Asian,2762,2762
60018,P11_009N,Non-Hispanic Native Hawaiian or Other Pacific Islander,2,2
60018,P11_010N,Non-Hispanic Other,40,40
60018,P11_011N,Non-Hispanic Two or More Races,412,412
60022,P11_002N,Hispanic or Latino,210,210
60022,P11_005N,Non-Hispanic White,5374,5374
60022,P11_006N,Non-Hispanic Black,74,74
60022,P11_007N,Non-Hispanic American Indian or Alaska Native,6,6
60022,P11_008N,Non-Hispanic Asian,266,266
60022,P11_009N,Non-Hispanic Native Hawaiian or Other Pacific Islander,0,0
60022,P11_010N,Non-Hispanic Other,22,22
60022,P11_011N,Non-Hispanic Two or More Races,145,145
60025,P11_002N,Hispanic or Latino,1852,1852
60025,P11_005N,Non-Hispanic White,23047,23047
60025,P11_006N,Non-Hispanic Black,391,391
60025,P11_007N,Non-Hispanic American Indian or Alaska Native,15,15
60025,P11_008N,Non-Hispanic Asian,5603,5603
60025,P11_009N,Non-Hispanic Native Hawaiian or Other Pacific Islander,6,6
60025,P11_010N,Non-Hispanic Other,111,111
60025,P11_011N,Non-Hispanic Two or More Races,701,701
60026,P11_002N,Hispanic or Latino,687,687
60026,P11_005N,Non-Hispanic White,7715,7715
60026,P11_006N,Non-Hispanic Black,169,169
60026,P11_007N,Non-Hispanic American Indian or Alaska Native,4,4
60026,P11_008N,Non-Hispanic Asian,2624,2624
60026,P11_009N,Non-Hispanic Native Hawaiian or Other Pacific Islander,2,2
60026,P11_010N,Non-Hispanic Other,22,22
60026,P11_011N,Non-Hispanic Two or More Races,216,216
60029,P11_002N,Hispanic or Latino,26,26
60029,P11_005N,Non-Hispanic White,319,319
60029,P11_006N,Non-Hispanic Black,7,7
60029,P11_007N,Non-Hispanic American Indian or Alaska Native,0,0
60029,P11_008N,Non-Hispanic Asian,18,18
60029,P11_009N,Non-Hispanic Native Hawaiian or Other Pacific Islander,0,0
60029,P11_010N,Non-Hispanic Other,0,0
60029,P11_011N,Non-Hispanic Two or More Races,6,6
60657,P11_002N,Hispanic or Latino,5214,5214
60657,P11_005N,Non-Hispanic White,49668,49668
60657,P11_006N,Non-Hispanic Black,1919,1919
60657,P11_007N,Non-Hispanic American Indian or Alaska Native,39,39
60657,P11_008N,Non-Hispanic Asian,4803,4803
60657,P11_009N,Non-Hispanic Native Hawaiian or Other Pacific Islander,13,13
60657,P11_010N,Non-Hispanic Other,247,247
60657,P11_011N,Non-Hispanic Two or More Races,2220,2220
60654,P11_002N,Hispanic or Latino,1341,1341
60654,P11_005N,Non-Hispanic White,16870,16870
60654,P11_006N,Non-Hispanic Black,993,993
60654,P11_007N,Non-Hispanic American Indian or Alaska Native,27,27
60654,P11_008N,Non-Hispanic Asian,2614,2614
60654,P11_009N,Non-Hispanic Native Hawaiian or Other Pacific Islander,8,8
60654,P11_010N,Non-Hispanic Other,92,92
60654,P11_011N,Non-Hispanic Two or More Races,685,685
60655,P11_002N,Hispanic or Latino,1667,1667
60655,P11_005N,Non-Hispanic White,17233,17233
60655,P11_006N,Non-Hispanic Black,1577,1577
60655,P11_007N,Non-Hispanic American Indian or Alaska Native,16,16
60655,P11_008N,Non-Hispanic Asian,137,137
60655,P11_009N,Non-Hispanic Native Hawaiian or Other Pacific Islander,2,2
60655,P11_010N,Non-Hispanic Other,101,101
60655,P11_011N,Non-Hispanic Two or More Races,349,349
60656,P11_002N,Hispanic or Latino,2996,2996
60656,P11_005N,Non-Hispanic White,16530,16530
60656,P11_006N,Non-Hispanic Black,440,440
60656,P11_007N,Non-Hispanic American Indian or Alaska Native,22,22
60656,P11_008N,Non-Hispanic Asian,2338,2338
60656,P11_009N,Non-Hispanic Native Hawaiian or Other Pacific Islander,4,4
60656,P11_010N,Non-Hispanic Other,78,78
60656,P11_011N,Non-Hispanic Two or More Races,454,454
60659,P11_002N,Hispanic or Latino,5812,5812
60659,P11_005N,Non-Hispanic White,10862,10862
60659,P11_006N,Non-Hispanic Black,2978,2978
60659,P11_007N,Non-Hispanic American Indian or Alaska Native,70,70
60659,P11_008N,Non-Hispanic Asian,9899,9899
60659,P11_009N,Non-Hispanic Native Hawaiian or Other Pacific Islander,1,1
60659,P11_010N,Non-Hispanic Other,215,215
60659,P11_011N,Non-Hispanic Two or More Races,828,828
60660,P11_002N,Hispanic or Latino,5728,5728
60660,P11_005N,Non-Hispanic White,20328,20328
60660,P11_006N,Non-Hispanic Black,4602,4602
60660,P11_007N,Non-Hispanic American Indian or Alaska Native,65,65
60660,P11_008N,Non-Hispanic Asian,5430,5430
60660,P11_009N,Non-Hispanic Native Hawaiian or Other Pacific Islander,7,7
60660,P11_010N,Non-Hispanic Other,241,241
60660,P11_011N,Non-Hispanic Two or More Races,1273,1273
60661,P11_002N,Hispanic or Latino,618,618
60661,P11_005N,Non-Hispanic White,6518,6518
60661,P11_006N,Non-Hispanic Black,557,557
60661,P11_007N,Non-Hispanic American Indian or Alaska Native,15,15
60661,P11_008N,Non-Hispanic Asian,3129,3129
60661,P11_009N,Non-Hispanic Native Hawaiian or Other Pacific Islander,8,8
60661,P11_010N,Non-Hispanic Other,71,71
60661,P11_011N,Non-Hispanic Two or More Races,376,376
60706,P11_002N,Hispanic or Latino,2374,2374
60706,P11_005N,Non-Hispanic White,15669,15669
60706,P11_006N,Non-Hispanic Black,99,99
60706,P11_007N,Non-Hispanic American Indian or Alaska Native,9,9
60706,P11_008N,Non-Hispanic Asian,1409,1409
60706,P11_009N,Non-Hispanic Native Hawaiian or Other Pacific Islander,7,7
60706,P11_010N,Non-Hispanic Other,20,20
60706,P11_011N,Non-Hispanic Two or More Races,247,247
60707,P11_002N,Hispanic or Latino,13127,13127
60707,P11_005N,Non-Hispanic White,16688,16688
60707,P11_006N,Non-Hispanic Black,3057,3057
60707,P11_007N,Non-Hispanic American Indian or Alaska Native,39,39
60707,P11_008N,Non-Hispanic Asian,1048,1048
60707,P11_009N,Non-Hispanic Native Hawaiian or Other Pacific Islander,7,7
60707,P11_010N,Non-Hispanic Other,133,133
60707,P11_011N,Non-Hispanic Two or More Races,472,472
60712,P11_002N,Hispanic or Latino,755,755
60712,P11_005N,Non-Hispanic White,6273,6273
60712,P11_006N,Non-Hispanic Black,172,172
60712,P11_007N,Non-Hispanic American Indian or Alaska Native,4,4
60712,P11_008N,Non-Hispanic Asian,3311,3311
60712,P11_009N,Non-Hispanic Native Hawaiian or Other Pacific Islander,1,1
60712,P11_010N,Non-Hispanic Other,32,32
60712,P11_011N,Non-Hispanic Two or More Races,188,188
60714,P11_002N,Hispanic or Latino,2469,2469
60714,P11_005N,Non-Hispanic White,17375,17375
60714,P11_006N,Non-Hispanic Black,393,393
60714,P11_007N,Non-Hispanic American Indian or Alaska Native,11,11
60714,P11_008N,Non-Hispanic Asian,5099,5099
60714,P11_009N,Non-Hispanic Native Hawaiian or Other Pacific Islander,1,1
60714,P11_010N,Non-Hispanic Other,63,63
60714,P11_011N,Non-Hispanic Two or More Races,424,424
60803,P11_002N,Hispanic or Latino,3887,3887
60803,P11_005N,Non-Hispanic White,9150,9150
60803,P11_006N,Non-Hispanic Black,3651,3651
60803,P11_007N,Non-Hispanic American Indian or Alaska Native,13,13
60803,P11_008N,Non-Hispanic Asian,354,354
60803,P11_009N,Non-Hispanic Native Hawaiian or Other Pacific Islander,5,5
60803,P11_010N,Non-Hispanic Other,47,47
60803,P11_011N,Non-Hispanic Two or More Races,324,324
60804,P11_002N,Hispanic or Latino,54172,54172
60804,P11_005N,Non-Hispanic White,4854,4854
60804,P11_006N,Non-Hispanic Black,2195,2195
60804,P11_007N,Non-Hispanic American Indian or Alaska Native,52,52
60804,P11_008N,Non-Hispanic Asian,422,422
60804,P11_009N,Non-Hispanic Native Hawaiian or Other Pacific Islander,10,10
60804,P11_010N,Non-Hispanic Other,92,92
60804,P11_011N,Non-Hispanic Two or More Races,355,355
60805,P11_002N,Hispanic or Latino,2169,2169
60805,P11_005N,Non-Hispanic White,8753,8753
60805,P11_006N,Non-Hispanic Black,3687,3687
60805,P11_007N,Non-Hispanic American Indian or Alaska Native,21,21
60805,P11_008N,Non-Hispanic Asian,197,197
60805,P11_009N,Non-Hispanic Native Hawaiian or Other Pacific Islander,8,8
60805,P11_010N,Non-Hispanic Other,80,80
60805,P11_011N,Non-Hispanic Two or More Races,296,296
60827,P11_002N,Hispanic or Latino,643,643
60827,P11_005N,Non-Hispanic White,488,488
60827,P11_006N,Non-Hispanic Black,16413,16413
60827,P11_007N,Non-Hispanic American Indian or Alaska Native,22,22
60827,P11_008N,Non-Hispanic Asian,17,17
60827,P11_009N,Non-Hispanic Native Hawaiian or Other Pacific Islander,9,9
60827,P11_010N,Non-Hispanic Other,60,60
60827,P11_011N,Non-Hispanic Two or More Races,285,285
60192,P11_002N,Hispanic or Latino,649,649
60192,P11_005N,Non-Hispanic White,7504,7504
60192,P11_006N,Non-Hispanic Black,336,336
60192,P11_007N,Non-Hispanic American Indian or Alaska Native,12,12
60192,P11_008N,Non-Hispanic Asian,3914,3914
60192,P11_009N,Non-Hispanic Native Hawaiian or Other Pacific Islander,0,0
60192,P11_010N,Non-Hispanic Other,35,35
60192,P11_011N,Non-Hispanic Two or More Races,291,291
60193,P11_002N,Hispanic or Latino,2775,2775
60193,P11_005N,Non-Hispanic White,21752,21752
60193,P11_006N,Non-Hispanic Black,945,945
60193,P11_007N,Non-Hispanic American Indian or Alaska Native,31,31
60193,P11_008N,Non-Hispanic Asian,5822,5822
60193,P11_009N,Non-Hispanic Native Hawaiian or Other Pacific Islander,5,5
60193,P11_010N,Non-Hispanic Other,80,80
60193,P11_011N,Non-Hispanic Two or More Races,718,718
60194,P11_002N,Hispanic or Latino,1759,1759
60194,P11_005N,Non-Hispanic White,9360,9360
60194,P11_006N,Non-Hispanic Black,682,682
60194,P11_007N,Non-Hispanic American Indian or Alaska Native,24,24
60194,P11_008N,Non-Hispanic Asian,3858,3858
60194,P11_009N,Non-Hispanic Native Hawaiian or Other Pacific Islander,2,2
60194,P11_010N,Non-Hispanic Other,40,40
60194,P11_011N,Non-Hispanic Two or More Races,385,385
60195,P11_002N,Hispanic or Latino,335,335
60195,P11_005N,Non-Hispanic White,1757,1757
60195,P11_006N,Non-Hispanic Black,189,189
60195,P11_007N,Non-Hispanic American Indian or Alaska Native,9,9
60195,P11_008N,Non-Hispanic Asian,1655,1655
60195,P11_009N,Non-Hispanic Native Hawaiian or Other Pacific Islander,1,1
60195,P11_010N,Non-Hispanic Other,17,17
60195,P11_011N,Non-Hispanic Two or More Races,110,110
60201,P11_002N,Hispanic or Latino,3011,3011
60201,P11_005N,Non-Hispanic White,22801,22801
60201,P11_006N,Non-Hispanic Black,4462,4462
60201,P11_007N,Non-Hispanic American Indian or Alaska Native,25,25
60201,P11_008N,Non-Hispanic Asian,5094,5094
60201,P11_009N,Non-Hispanic Native Hawaiian or Other Pacific Islander,12,12
60201,P11_010N,Non-Hispanic Other,190,190
60201,P11_011N,Non-Hispanic Two or More Races,1412,1412
60202,P11_002N,Hispanic or Latino,3208,3208
60202,P11_005N,Non-Hispanic White,14751,14751
60202,P11_006N,Non-Hispanic Black,5334,5334
60202,P11_007N,Non-Hispanic American Indian or Alaska Native,49,49
60202,P11_008N,Non-Hispanic Asian,1843,1843
60202,P11_009N,Non-Hispanic Native Hawaiian or Other Pacific Islander,12,12
60202,P11_010N,Non-Hispanic Other,184,184
60202,P11_011N,Non-Hispanic Two or More Races,1115,1115
60203,P11_002N,Hispanic or Latino,258,258
60203,P11_005N,Non-Hispanic White,2347,2347
60203,P11_006N,Non-Hispanic Black,407,407
60203,P11_007N,Non-Hispanic American Indian or Alaska Native,0,0
60203,P11_008N,Non-Hispanic Asian,316,316
60203,P11_009N,Non-Hispanic Native Hawaiian or Other Pacific Islander,0,0
60203,P11_010N,Non-Hispanic Other,17,17
60203,P11_011N,Non-Hispanic Two or More Races,108,108
60208,P11_002N,Hispanic or Latino,24,24
60208,P11_005N,Non-Hispanic White,98,98
60208,P11_006N,Non-Hispanic Black,6,6
60208,P11_007N,Non-Hispanic American Indian or Alaska Native,0,0
60208,P11_008N,Non-Hispanic Asian,55,55
60208,P11_009N,Non-Hispanic Native Hawaiian or Other Pacific Islander,0,0
60208,P11_010N,Non-Hispanic Other,0,0
60208,P11_011N,Non-Hispanic Two or More Races,18,18
60301,P11_002N,Hispanic or Latino,203,203
60301,P11_005N,Non-Hispanic White,1596,1596
60301,P11_006N,Non-Hispanic Black,475,475
60301,P11_007N,Non-Hispanic American Indian or Alaska Native,0,0
60301,P11_008N,Non-Hispanic Asian,315,315
60301,P11_009N,Non-Hispanic Native Hawaiian or Other Pacific Islander,1,1
60301,P11_010N,Non-Hispanic Other,11,11
60301,P11_011N,Non-Hispanic Two or More Races,95,95
60302,P11_002N,Hispanic or Latino,2151,2151
60302,P11_005N,Non-Hispanic White,16237,16237
60302,P11_006N,Non-Hispanic Black,5455,5455
60302,P11_007N,Non-Hispanic American Indian or Alaska Native,16,16
60302,P11_008N,Non-Hispanic Asian,1450,1450
60302,P11_009N,Non-Hispanic Native Hawaiian or Other Pacific Islander,4,4
60302,P11_010N,Non-Hispanic Other,132,132
60302,P11_011N,Non-Hispanic Two or More Races,953,953
60304,P11_002N,Hispanic or Latino,1196,1196
60304,P11_005N,Non-Hispanic White,8154,8154
60304,P11_006N,Non-Hispanic Black,2388,2388
60304,P11_007N,Non-Hispanic American Indian or Alaska Native,5,5
60304,P11_008N,Non-Hispanic Asian,664,664
60304,P11_009N,Non-Hispanic Native Hawaiian or Other Pacific Islander,5,5
60304,P11_010N,Non-Hispanic Other,64,64
60304,P11_011N,Non-Hispanic Two or More Races,555,555
60305,P11_002N,Hispanic or Latino,675,675
60305,P11_005N,Non-Hispanic White,6370,6370
60305,P11_006N,Non-Hispanic Black,667,667
60305,P11_007N,Non-Hispanic American Indian or Alaska Native,5,5
60305,P11_008N,Non-Hispanic Asian,784,784
60305,P11_009N,Non-Hispanic Native Hawaiian or Other Pacific Islander,0,0
60305,P11_010N,Non-Hispanic Other,74,74
60305,P11_011N,Non-Hispanic Two or More Races,232,232
60402,P11_002N,Hispanic or Latino,29516,29516
60402,P11_005N,Non-Hispanic White,14033,14033
60402,P11_006N,Non-Hispanic Black,3687,3687
60402,P11_007N,Non-Hispanic American Indian or Alaska Native,73,73
60402,P11_008N,Non-Hispanic Asian,1270,1270
60402,P11_009N,Non-Hispanic Native Hawaiian or Other Pacific Islander,5,5
60402,P11_010N,Non-Hispanic Other,163,163
60402,P11_011N,Non-Hispanic Two or More Races,670,670
60406,P11_002N,Hispanic or Latino,8594,8594
60406,P11_005N,Non-Hispanic White,3424,3424
60406,P11_006N,Non-Hispanic Black,5643,5643
60406,P11_007N,Non-Hispanic American Indian or Alaska Native,37,37
60406,P11_008N,Non-Hispanic Asian,71,71
60406,P11_009N,Non-Hispanic Native Hawaiian or Other Pacific Islander,6,6
60406,P11_010N,Non-Hispanic Other,60,60
60406,P11_011N,Non-Hispanic Two or More Races,257,257
60409,P11_002N,Hispanic or Latino,4395,4395
60409,P11_005N,Non-Hispanic White,2559,2559
60409,P11_006N,Non-Hispanic Black,20096,20096
60409,P11_007N,Non-Hispanic American Indian or Alaska Native,39,39
60409,P11_008N,Non-Hispanic Asian,37,37
60409,P11_009N,Non-Hispanic Native Hawaiian or Other Pacific Islander,3,3
60409,P11_010N,Non-Hispanic Other,92,92
60409,P11_011N,Non-Hispanic Two or More Races,504,504
60411,P11_002N,Hispanic or Latino,10004,10004
60411,P11_005N,Non-Hispanic White,8053,8053
60411,P11_006N,Non-Hispanic Black,20230,20230
60411,P11_007N,Non-Hispanic American Indian or Alaska Native,51,51
60411,P11_008N,Non-Hispanic Asian,206,206
60411,P11_009N,Non-Hispanic Native Hawaiian or Other Pacific Islander,24,24
60411,P11_010N,Non-Hispanic Other,160,160
60411,P11_011N,Non-Hispanic Two or More Races,888,888
60415,P11_002N,Hispanic or Latino,1594,1594
60415,P11_005N,Non-Hispanic White,7923,7923
60415,P11_006N,Non-Hispanic Black,1063,1063
60415,P11_007N,Non-Hispanic American Indian or Alaska Native,2,2
60415,P11_008N,Non-Hispanic Asian,247,247
60415,P11_009N,Non-Hispanic Native Hawaiian or Other Pacific Islander,0,0
60415,P11_010N,Non-Hispanic Other,43,43
60415,P11_011N,Non-Hispanic Two or More Races,270,270
60418,P11_002N,Hispanic or Latino,1090,1090
60418,P11_005N,Non-Hispanic White,6871,6871
60418,P11_006N,Non-Hispanic Black,881,881
60418,P11_007N,Non-Hispanic American Indian or Alaska Native,1,1
60418,P11_008N,Non-Hispanic Asian,145,145
60418,P11_009N,Non-Hispanic Native Hawaiian or Other Pacific Islander,0,0
60418,P11_010N,Non-Hispanic Other,16,16
60418,P11_011N,Non-Hispanic Two or More Races,190,190
60419,P11_002N,Hispanic or Latino,597,597
60419,P11_005N,Non-Hispanic White,570,570
60419,P11_006N,Non-Hispanic Black,14935,14935
60419,P11_007N,Non-Hispanic American Indian or Alaska Native,13,13
60419,P11_008N,Non-Hispanic Asian,32,32
60419,P11_009N,Non-Hispanic Native Hawaiian or Other Pacific Islander,0,0
60419,P11_010N,Non-Hispanic Other,64,64
60419,P11_011N,Non-Hispanic Two or More Races,290,290
60422,P11_002N,Hispanic or Latino,304,304
60422,P11_005N,Non-Hispanic White,2602,2602
60422,P11_006N,Non-Hispanic Black,4379,4379
60422,P11_007N,Non-Hispanic American Indian or Alaska Native,10,10
60422,P11_008N,Non-Hispanic Asian,174,174
60422,P11_009N,Non-Hispanic Native Hawaiian or Other Pacific Islander,3,3
60422,P11_010N,Non-Hispanic Other,25,25
60422,P11_011N,Non-Hispanic Two or More Races,249,249
60423,P11_002N,Hispanic or Latino,1415,7
60423,P11_005N,Non-Hispanic White,20622,8
60423,P11_006N,Non-Hispanic Black,1517,9
60423,P11_007N,Non-Hispanic American Indian or Alaska Native,19,0
60423,P11_008N,Non-Hispanic Asian,660,1
60423,P11_009N,Non-Hispanic Native Hawaiian or Other Pacific Islander,2,0
60423,P11_010N,Non-Hispanic Other,45,0
60423,P11_011N,Non-Hispanic Two or More Races,550,0
60425,P11_002N,Hispanic or Latino,522,522
60425,P11_005N,Non-Hispanic White,1218,1218
60425,P11_006N,Non-Hispanic Black,5026,5026
60425,P11_007N,Non-Hispanic American Indian or Alaska Native,2,2
60425,P11_008N,Non-Hispanic Asian,3,3
60425,P11_009N,Non-Hispanic Native Hawaiian or Other Pacific Islander,2,2
60425,P11_010N,Non-Hispanic Other,25,25
60425,P11_011N,Non-Hispanic Two or More Races,138,138
60426,P11_002N,Hispanic or Latino,4325,4325
60426,P11_005N,Non-Hispanic White,591,591
60426,P11_006N,Non-Hispanic Black,12484,12484
60426,P11_007N,Non-Hispanic American Indian or Alaska Native,33,33
60426,P11_008N,Non-Hispanic Asian,340,340
60426,P11_009N,Non-Hispanic Native Hawaiian or Other Pacific Islander,12,12
60426,P11_010N,Non-Hispanic Other,78,78
60426,P11_011N,Non-Hispanic Two or More Races,296,296
60428,P11_002N,Hispanic or Latino,1216,1216
60428,P11_005N,Non-Hispanic White,733,733
60428,P11_006N,Non-Hispanic Black,6034,6034
60428,P11_007N,Non-Hispanic American Indian or Alaska Native,10,10
60428,P11_008N,Non-Hispanic Asian,76,76
60428,P11_009N,Non-Hispanic Native Hawaiian or Other Pacific Islander,0,0
60428,P11_010N,Non-Hispanic Other,21,21
60428,P11_011N,Non-Hispanic Two or More Races,164,164
60429,P11_002N,Hispanic or Latino,601,601
60429,P11_005N,Non-Hispanic White,1021,1021
60429,P11_006N,Non-Hispanic Black,9152,9152
60429,P11_007N,Non-Hispanic American Indian or Alaska Native,11,11
60429,P11_008N,Non-Hispanic Asian,46,46
60429,P11_009N,Non-Hispanic Native Hawaiian or Other Pacific Islander,2,2
60429,P11_010N,Non-Hispanic Other,52,52
60429,P11_011N,Non-Hispanic Two or More Races,237,237
60430,P11_002N,Hispanic or Latino,1122,1122
60430,P11_005N,Non-Hispanic White,7151,7151
60430,P11_006N,Non-Hispanic Black,6613,6613
60430,P11_007N,Non-Hispanic American Indian or Alaska Native,15,15
60430,P11_008N,Non-Hispanic Asian,230,230
60430,P11_009N,Non-Hispanic Native Hawaiian or Other Pacific Islander,0,0
60430,P11_010N,Non-Hispanic Other,61,61
60430,P11_011N,Non-Hispanic Two or More Races,442,442
