census_name,clean_name,census_place_code,race_ethnicity,population
"Cook County (part), Alsip village, Illinois",Alsip,01010,Hispanic/Latino,5056
"Cook County (part), Alsip village, Illinois",Alsip,01010,Non-Hispanic Asian,359
"Cook County (part), Alsip village, Illinois",Alsip,01010,Non-Hispanic Black,4235
"Cook County (part), Alsip village, Illinois",Alsip,01010,Non-Hispanic Multiracial,452
"Cook County (part), Alsip village, Illinois",Alsip,01010,Non-Hispanic Other,66
"Cook County (part), Alsip village, Illinois",Alsip,01010,Non-Hispanic White,8895
"Cook County (part), Arlington Heights village, Illinois",Arlington Heights,02154,Hispanic/Latino,5388
"Cook County (part), Arlington Heights village, Illinois",Arlington Heights,02154,Non-Hispanic Asian,8323
"Cook County (part), Arlington Heights village, Illinois",Arlington Heights,02154,Non-Hispanic Black,1195
"Cook County (part), Arlington Heights village, Illinois",Arlington Heights,02154,Non-Hispanic Multiracial,2160
"Cook County (part), Arlington Heights village, Illinois",Arlington Heights,02154,Non-Hispanic Other,277
"Cook County (part), Arlington Heights village, Illinois",Arlington Heights,02154,Non-Hispanic White,60333
"Cook County (part), Barrington Hills village, Illinois",Barrington Hills,03883,Hispanic/Latino,112
"Cook County (part), Barrington Hills village, Illinois",Barrington Hills,03883,Non-Hispanic Asian,241
"Cook County (part), Barrington Hills village, Illinois",Barrington Hills,03883,Non-Hispanic Black,15
"Cook County (part), Barrington Hills village, Illinois",Barrington Hills,03883,Non-Hispanic Multiracial,50
"Cook County (part), Barrington Hills village, Illinois",Barrington Hills,03883,Non-Hispanic Other,13
"Cook County (part), Barrington Hills village, Illinois",Barrington Hills,03883,Non-Hispanic White,1721
"Cook County (part), Barrington village, Illinois",Barrington,03844,Hispanic/Latino,388
"Cook County (part), Barrington village, Illinois",Barrington,03844,Non-Hispanic Asian,390
"Cook County (part), Barrington village, Illinois",Barrington,03844,Non-Hispanic Black,69
"Cook County (part), Barrington village, Illinois",Barrington,03844,Non-Hispanic Multiracial,198
"Cook County (part), Barrington village, Illinois",Barrington,03844,Non-Hispanic Other,8
"Cook County (part), Barrington village, Illinois",Barrington,03844,Non-Hispanic White,4803
"Cook County (part), Bartlett village, Illinois",Bartlett,04013,Hispanic/Latino,2759
"Cook County (part), Bartlett village, Illinois",Bartlett,04013,Non-Hispanic Asian,3492
"Cook County (part), Bartlett village, Illinois",Bartlett,04013,Non-Hispanic Black,516
"Cook County (part), Bartlett village, Illinois",Bartlett,04013,Non-Hispanic Multiracial,495
"Cook County (part), Bartlett village, Illinois",Bartlett,04013,Non-Hispanic Other,62
"Cook County (part), Bartlett village, Illinois",Bartlett,04013,Non-Hispanic White,9887
"Cook County (part), Bedford Park village, Illinois",Bedford Park,04572,Hispanic/Latino,222
"Cook County (part), Bedford Park village, Illinois",Bedford Park,04572,Non-Hispanic Asian,10
"Cook County (part), Bedford Park village, Illinois",Bedford Park,04572,Non-Hispanic Black,15
"Cook County (part), Bedford Park village, Illinois",Bedford Park,04572,Non-Hispanic Multiracial,21
"Cook County (part), Bedford Park village, Illinois",Bedford Park,04572,Non-Hispanic Other,2
"Cook County (part), Bedford Park village, Illinois",Bedford Park,04572,Non-Hispanic White,332
"Cook County (part), Bellwood village, Illinois",Bellwood,04975,Hispanic/Latino,5034
"Cook County (part), Bellwood village, Illinois",Bellwood,04975,Non-Hispanic Asian,119
"Cook County (part), Bellwood village, Illinois",Bellwood,04975,Non-Hispanic Black,12705
"Cook County (part), Bellwood village, Illinois",Bellwood,04975,Non-Hispanic Multiracial,300
"Cook County (part), Bellwood village, Illinois",Bellwood,04975,Non-Hispanic Other,86
"Cook County (part), Bellwood village, Illinois",Bellwood,04975,Non-Hispanic White,545
"Cook County (part), Bensenville village, Illinois",Bensenville,05248,Hispanic/Latino,0
"Cook County (part), Bensenville village, Illinois",Bensenville,05248,Non-Hispanic Asian,0
"Cook County (part), Bensenville village, Illinois",Bensenville,05248,Non-Hispanic Black,0
"Cook County (part), Bensenville village, Illinois",Bensenville,05248,Non-Hispanic Multiracial,0
"Cook County (part), Bensenville village, Illinois",Bensenville,05248,Non-Hispanic Other,0
"Cook County (part), Bensenville village, Illinois",Bensenville,05248,Non-Hispanic White,0
"Cook County (part), Berkeley village, Illinois",Berkeley,05404,Hispanic/Latino,2008
"Cook County (part), Berkeley village, Illinois",Berkeley,05404,Non-Hispanic Asian,219
"Cook County (part), Berkeley village, Illinois",Berkeley,05404,Non-Hispanic Black,1718
"Cook County (part), Berkeley village, Illinois",Berkeley,05404,Non-Hispanic Multiracial,122
"Cook County (part), Berkeley village, Illinois",Berkeley,05404,Non-Hispanic Other,29
"Cook County (part), Berkeley village, Illinois",Berkeley,05404,Non-Hispanic White,1242
"Cook County (part), Berwyn city, Illinois",Berwyn,05573,Hispanic/Latino,36726
"Cook County (part), Berwyn city, Illinois",Berwyn,05573,Non-Hispanic Asian,1365
"Cook County (part), Berwyn city, Illinois",Berwyn,05573,Non-Hispanic Black,4622
"Cook County (part), Berwyn city, Illinois",Berwyn,05573,Non-Hispanic Multiracial,888
"Cook County (part), Berwyn city, Illinois",Berwyn,05573,Non-Hispanic Other,277
"Cook County (part), Berwyn city, Illinois",Berwyn,05573,Non-Hispanic White,13372
"Cook County (part), Blue Island city, Illinois",Blue Island,06704,Hispanic/Latino,11720
"Cook County (part), Blue Island city, Illinois",Blue Island,06704,Non-Hispanic Asian,86
"Cook County (part), Blue Island city, Illinois",Blue Island,06704,Non-Hispanic Black,6817
"Cook County (part), Blue Island city, Illinois",Blue Island,06704,Non-Hispanic Multiracial,385
"Cook County (part), Blue Island city, Illinois",Blue Island,06704,Non-Hispanic Other,108
"Cook County (part), Blue Island city, Illinois",Blue Island,06704,Non-Hispanic White,3442
"Cook County (part), Bridgeview village, Illinois",Bridgeview,08225,Hispanic/Latino,3991
"Cook County (part), Bridgeview village, Illinois",Bridgeview,08225,Non-Hispanic Asian,564
"Cook County (part), Bridgeview village, Illinois",Bridgeview,08225,Non-Hispanic Black,658
"Cook County (part), Bridgeview village, Illinois",Bridgeview,08225,Non-Hispanic Multiracial,441
"Cook County (part), Bridgeview village, Illinois",Bridgeview,08225,Non-Hispanic Other,86
"Cook County (part), Bridgeview village, Illinois",Bridgeview,08225,Non-Hispanic White,11287
"Cook County (part), Broadview village, Illinois",Broadview,08446,Hispanic/Latino,1225
"Cook County (part), Broadview village, Illinois",Broadview,08446,Non-Hispanic Asian,171
"Cook County (part), Broadview village, Illinois",Broadview,08446,Non-Hispanic Black,5642
"Cook County (part), Broadview village, Illinois",Broadview,08446,Non-Hispanic Multiracial,180
"Cook County (part), Broadview village, Illinois",Broadview,08446,Non-Hispanic Other,41
"Cook County (part), Broadview village, Illinois",Broadview,08446,Non-Hispanic White,739
"Cook County (part), Brookfield village, Illinois",Brookfield,08576,Hispanic/Latino,5020
"Cook County (part), Brookfield village, Illinois",Brookfield,08576,Non-Hispanic Asian,346
"Cook County (part), Brookfield village, Illinois",Brookfield,08576,Non-Hispanic Black,597
"Cook County (part), Brookfield village, Illinois",Brookfield,08576,Non-Hispanic Multiracial,640
"Cook County (part), Brookfield village, Illinois",Brookfield,08576,Non-Hispanic Other,82
"Cook County (part), Brookfield village, Illinois",Brookfield,08576,Non-Hispanic White,12791
"Cook County (part), Buffalo Grove village, Illinois",Buffalo Grove,09447,Hispanic/Latino,1799
"Cook County (part), Buffalo Grove village, Illinois",Buffalo Grove,09447,Non-Hispanic Asian,1335
"Cook County (part), Buffalo Grove village, Illinois",Buffalo Grove,09447,Non-Hispanic Black,205
"Cook County (part), Buffalo Grove village, Illinois",Buffalo Grove,09447,Non-Hispanic Multiracial,355
"Cook County (part), Buffalo Grove village, Illinois",Buffalo Grove,09447,Non-Hispanic Other,37
"Cook County (part), Buffalo Grove village, Illinois",Buffalo Grove,09447,Non-Hispanic White,10081
"Cook County (part), Burbank city, Illinois",Burbank,09642,Hispanic/Latino,11650
"Cook County (part), Burbank city, Illinois",Burbank,09642,Non-Hispanic Asian,906
"Cook County (part), Burbank city, Illinois",Burbank,09642,Non-Hispanic Black,518
"Cook County (part), Burbank city, Illinois",Burbank,09642,Non-Hispanic Multiracial,555
"Cook County (part), Burbank city, Illinois",Burbank,09642,Non-Hispanic Other,107
"Cook County (part), Burbank city, Illinois",Burbank,09642,Non-Hispanic White,15703
"Cook County (part), Burnham village, Illinois",Burnham,09798,Hispanic/Latino,1035
"Cook County (part), Burnham village, Illinois",Burnham,09798,Non-Hispanic Asian,12
"Cook County (part), Burnham village, Illinois",Burnham,09798,Non-Hispanic Black,2419
"Cook County (part), Burnham village, Illinois",Burnham,09798,Non-Hispanic Multiracial,72
"Cook County (part), Burnham village, Illinois",Burnham,09798,Non-Hispanic Other,17
"Cook County (part), Burnham village, Illinois",Burnham,09798,Non-Hispanic White,491
"Cook County (part), Burr Ridge village, Illinois",Burr Ridge,09980,Hispanic/Latino,224
"Cook County (part), Burr Ridge village, Illinois",Burr Ridge,09980,Non-Hispanic Asian,536
"Cook County (part), Burr Ridge village, Illinois",Burr Ridge,09980,Non-Hispanic Black,51
"Cook County (part), Burr Ridge village, Illinois",Burr Ridge,09980,Non-Hispanic Multiracial,100
"Cook County (part), Burr Ridge village, Illinois",Burr Ridge,09980,Non-Hispanic Other,8
"Cook County (part), Burr Ridge village, Illinois",Burr Ridge,09980,Non-Hispanic White,3447
"Cook County (part), Calumet City city, Illinois",Calumet City,10487,Hispanic/Latino,6476
"Cook County (part), Calumet City city, Illinois",Calumet City,10487,Non-Hispanic Asian,50
"Cook County (part), Calumet City city, Illinois",Calumet City,10487,Non-Hispanic Black,25959
"Cook County (part), Calumet City city, Illinois",Calumet City,10487,Non-Hispanic Multiracial,701
"Cook County (part), Calumet City city, Illinois",Calumet City,10487,Non-Hispanic Other,171
"Cook County (part), Calumet City city, Illinois",Calumet City,10487,Non-Hispanic White,2676
"Cook County (part), Calumet Park village, Illinois",Calumet Park,10513,Hispanic/Latino,453
"Cook County (part), Calumet Park village, Illinois",Calumet Park,10513,Non-Hispanic Asian,5
"Cook County (part), Calumet Park village, Illinois",Calumet Park,10513,Non-Hispanic Black,6230
"Cook County (part), Calumet Park village, Illinois",Calumet Park,10513,Non-Hispanic Multiracial,105
"Cook County (part), Calumet Park village, Illinois",Calumet Park,10513,Non-Hispanic Other,46
"Cook County (part), Calumet Park village, Illinois",Calumet Park,10513,Non-Hispanic White,186
"Cook County (part), Chicago city, Illinois",Chicago,14000,Hispanic/Latino,819518
"Cook County (part), Chicago city, Illinois",Chicago,14000,Non-Hispanic Asian,189857
"Cook County (part), Chicago city, Illinois",Chicago,14000,Non-Hispanic Black,787551
"Cook County (part), Chicago city, Illinois",Chicago,14000,Non-Hispanic Multiracial,70443
"Cook County (part), Chicago city, Illinois",Chicago,14000,Non-Hispanic Other,15397
"Cook County (part), Chicago city, Illinois",Chicago,14000,Non-Hispanic White,863622
"Cook County (part), Chicago Heights city, Illinois",Chicago Heights,14026,Hispanic/Latino,10714
"Cook County (part), Chicago Heights city, Illinois",Chicago Heights,14026,Non-Hispanic Asian,74
"Cook County (part), Chicago Heights city, Illinois",Chicago Heights,14026,Non-Hispanic Black,11487
"Cook County (part), Chicago Heights city, Illinois",Chicago Heights,14026,Non-Hispanic Multiracial,611
"Cook County (part), Chicago Heights city, Illinois",Chicago Heights,14026,Non-Hispanic Other,156
"Cook County (part), Chicago Heights city, Illinois",Chicago Heights,14026,Non-Hispanic White,4438
"Cook County (part), Chicago Ridge village, Illinois",Chicago Ridge,14065,Hispanic/Latino,2258
"Cook County (part), Chicago Ridge village, Illinois",Chicago Ridge,14065,Non-Hispanic Asian,336
"Cook County (part), Chicago Ridge village, Illinois",Chicago Ridge,14065,Non-Hispanic Black,1388
"Cook County (part), Chicago Ridge village, Illinois",Chicago Ridge,14065,Non-Hispanic Multiracial,408
"Cook County (part), Chicago Ridge village, Illinois",Chicago Ridge,14065,Non-Hispanic Other,60
"Cook County (part), Chicago Ridge village, Illinois",Chicago Ridge,14065,Non-Hispanic White,9983
"Cook County (part), Cicero town, Illinois",Cicero,14351,Hispanic/Latino,75890
"Cook County (part), Cicero town, Illinois",Cicero,14351,Non-Hispanic Asian,456
"Cook County (part), Cicero town, Illinois",Cicero,14351,Non-Hispanic Black,2870
"Cook County (part), Cicero town, Illinois",Cicero,14351,Non-Hispanic Multiracial,473
"Cook County (part), Cicero town, Illinois",Cicero,14351,Non-Hispanic Other,247
"Cook County (part), Cicero town, Illinois",Cicero,14351,Non-Hispanic White,5332
"Cook County (part), Country Club Hills city, Illinois",Country Club Hills,16691,Hispanic/Latino,846
"Cook County (part), Country Club Hills city, Illinois",Country Club Hills,16691,Non-Hispanic Asian,129
"Cook County (part), Country Club Hills city, Illinois",Country Club Hills,16691,Non-Hispanic Black,14365
"Cook County (part), Country Club Hills city, Illinois",Country Club Hills,16691,Non-Hispanic Multiracial,408
"Cook County (part), Country Club Hills city, Illinois",Country Club Hills,16691,Non-Hispanic Other,67
"Cook County (part), Country Club Hills city, Illinois",Country Club Hills,16691,Non-Hispanic White,960
"Cook County (part), Countryside city, Illinois",Countryside,16873,Hispanic/Latino,1541
"Cook County (part), Countryside city, Illinois",Countryside,16873,Non-Hispanic Asian,145
"Cook County (part), Countryside city, Illinois",Countryside,16873,Non-Hispanic Black,166
"Cook County (part), Countryside city, Illinois",Countryside,16873,Non-Hispanic Multiracial,133
"Cook County (part), Countryside city, Illinois",Countryside,16873,Non-Hispanic Other,25
"Cook County (part), Countryside city, Illinois",Countryside,16873,Non-Hispanic White,4410
"Cook County (part), Crestwood village, Illinois",Crestwood,17497,Hispanic/Latino,1548
"Cook County (part), Crestwood village, Illinois",Crestwood,17497,Non-Hispanic Asian,186
"Cook County (part), Crestwood village, Illinois",Crestwood,17497,Non-Hispanic Black,1084
"Cook County (part), Crestwood village, Illinois",Crestwood,17497,Non-Hispanic Multiracial,266
"Cook County (part), Crestwood village, Illinois",Crestwood,17497,Non-Hispanic Other,32
"Cook County (part), Crestwood village, Illinois",Crestwood,17497,Non-Hispanic White,7710
"Cook County (part), Crete village, Illinois",Crete,17523,Hispanic/Latino,0
"Cook County (part), Crete village, Illinois",Crete,17523,Non-Hispanic Asian,0
"Cook County (part), Crete village, Illinois",Crete,17523,Non-Hispanic Black,0
"Cook County (part), Crete village, Illinois",Crete,17523,Non-Hispanic Multiracial,0
"Cook County (part), Crete village, Illinois",Crete,17523,Non-Hispanic Other,0
"Cook County (part), Crete village, Illinois",Crete,17523,Non-Hispanic White,0
"Cook County (part), Deer Park village, Illinois",Deer Park,19083,Hispanic/Latino,1
"Cook County (part), Deer Park village, Illinois",Deer Park,19083,Non-Hispanic Asian,0
"Cook County (part), Deer Park village, Illinois",Deer Park,19083,Non-Hispanic Black,0
"Cook County (part), Deer Park village, Illinois",Deer Park,19083,Non-Hispanic Multiracial,1
"Cook County (part), Deer Park village, Illinois",Deer Park,19083,Non-Hispanic Other,0
"Cook County (part), Deer Park village, Illinois",Deer Park,19083,Non-Hispanic White,16
"Cook County (part), Deerfield village, Illinois",Deerfield,18992,Hispanic/Latino,26
"Cook County (part), Deerfield village, Illinois",Deerfield,18992,Non-Hispanic Asian,45
"Cook County (part), Deerfield village, Illinois",Deerfield,18992,Non-Hispanic Black,9
"Cook County (part), Deerfield village, Illinois",Deerfield,18992,Non-Hispanic Multiracial,12
"Cook County (part), Deerfield village, Illinois",Deerfield,18992,Non-Hispanic Other,1
"Cook County (part), Deerfield village, Illinois",Deerfield,18992,Non-Hispanic White,414
"Cook County (part), Des Plaines city, Illinois",Des Plaines,19642,Hispanic/Latino,12457
"Cook County (part), Des Plaines city, Illinois",Des Plaines,19642,Non-Hispanic Asian,9153
"Cook County (part), Des Plaines city, Illinois",Des Plaines,19642,Non-Hispanic Black,1385
"Cook County (part), Des Plaines city, Illinois",Des Plaines,19642,Non-Hispanic Multiracial,1449
"Cook County (part), Des Plaines city, Illinois",Des Plaines,19642,Non-Hispanic Other,254
"Cook County (part), Des Plaines city, Illinois",Des Plaines,19642,Non-Hispanic White,35977
"Cook County (part), Dixmoor village, Illinois",Dixmoor,20149,Hispanic/Latino,1090
"Cook County (part), Dixmoor village, Illinois",Dixmoor,20149,Non-Hispanic Asian,18
"Cook County (part), Dixmoor village, Illinois",Dixmoor,20149,Non-Hispanic Black,1485
"Cook County (part), Dixmoor village, Illinois",Dixmoor,20149,Non-Hispanic Multiracial,49
"Cook County (part), Dixmoor village, Illinois",Dixmoor,20149,Non-Hispanic Other,21
"Cook County (part), Dixmoor village, Illinois",Dixmoor,20149,Non-Hispanic White,310
"Cook County (part), Dolton village, Illinois",Dolton,20292,Hispanic/Latino,937
"Cook County (part), Dolton village, Illinois",Dolton,20292,Non-Hispanic Asian,38
"Cook County (part), Dolton village, Illinois",Dolton,20292,Non-Hispanic Black,19322
"Cook County (part), Dolton village, Illinois",Dolton,20292,Non-Hispanic Multiracial,404
"Cook County (part), Dolton village, Illinois",Dolton,20292,Non-Hispanic Other,127
"Cook County (part), Dolton village, Illinois",Dolton,20292,Non-Hispanic White,598
"Cook County (part), East Dundee village, Illinois",East Dundee,21696,Hispanic/Latino,0
"Cook County (part), East Dundee village, Illinois",East Dundee,21696,Non-Hispanic Asian,0
"Cook County (part), East Dundee village, Illinois",East Dundee,21696,Non-Hispanic Black,0
"Cook County (part), East Dundee village, Illinois",East Dundee,21696,Non-Hispanic Multiracial,0
"Cook County (part), East Dundee village, Illinois",East Dundee,21696,Non-Hispanic Other,0
"Cook County (part), East Dundee village, Illinois",East Dundee,21696,Non-Hispanic White,0
"Cook County (part), East Hazel Crest village, Illinois",East Hazel Crest,21904,Hispanic/Latino,209
"Cook County (part), East Hazel Crest village, Illinois",East Hazel Crest,21904,Non-Hispanic Asian,4
"Cook County (part), East Hazel Crest village, Illinois",East Hazel Crest,21904,Non-Hispanic Black,748
"Cook County (part), East Hazel Crest village, Illinois",East Hazel Crest,21904,Non-Hispanic Multiracial,39
"Cook County (part), East Hazel Crest village, Illinois",East Hazel Crest,21904,Non-Hispanic Other,6
"Cook County (part), East Hazel Crest village, Illinois",East Hazel Crest,21904,Non-Hispanic White,291
"Cook County (part), Elgin city, Illinois",Elgin,23074,Hispanic/Latino,13120
"Cook County (part), Elgin city, Illinois",Elgin,23074,Non-Hispanic Asian,2070
"Cook County (part), Elgin city, Illinois",Elgin,23074,Non-Hispanic Black,1453
"Cook County (part), Elgin city, Illinois",Elgin,23074,Non-Hispanic Multiracial,555
"Cook County (part), Elgin city, Illinois",Elgin,23074,Non-Hispanic Other,97
"Cook County (part), Elgin city, Illinois",Elgin,23074,Non-Hispanic White,7352
"Cook County (part), Elk Grove Village village, Illinois",Elk Grove Village,23256,Hispanic/Latino,3989
"Cook County (part), Elk Grove Village village, Illinois",Elk Grove Village,23256,Non-Hispanic Asian,3919
"Cook County (part), Elk Grove Village village, Illinois",Elk Grove Village,23256,Non-Hispanic Black,599
"Cook County (part), Elk Grove Village village, Illinois",Elk Grove Village,23256,Non-Hispanic Multiracial,862
"Cook County (part), Elk Grove Village village, Illinois",Elk Grove Village,23256,Non-Hispanic Other,123
"Cook County (part), Elk Grove Village village, Illinois",Elk Grove Village,23256,Non-Hispanic White,23320
"Cook County (part), Elmhurst city, Illinois",Elmhurst,23620,Hispanic/Latino,1
"Cook County (part), Elmhurst city, Illinois",Elmhurst,23620,Non-Hispanic Asian,1
"Cook County (part), Elmhurst city, Illinois",Elmhurst,23620,Non-Hispanic Black,4
"Cook County (part), Elmhurst city, Illinois",Elmhurst,23620,Non-Hispanic Multiracial,2
"Cook County (part), Elmhurst city, Illinois",Elmhurst,23620,Non-Hispanic Other,0
"Cook County (part), Elmhurst city, Illinois",Elmhurst,23620,Non-Hispanic White,0
"Cook County (part), Elmwood Park village, Illinois",Elmwood Park,23724,Hispanic/Latino,8599
"Cook County (part), Elmwood Park village, Illinois",Elmwood Park,23724,Non-Hispanic Asian,732
"Cook County (part), Elmwood Park village, Illinois",Elmwood Park,23724,Non-Hispanic Black,658
"Cook County (part), Elmwood Park village, Illinois",Elmwood Park,23724,Non-Hispanic Multiracial,375
"Cook County (part), Elmwood Park village, Illinois",Elmwood Park,23724,Non-Hispanic Other,82
"Cook County (part), Elmwood Park village, Illinois",Elmwood Park,23724,Non-Hispanic White,14075
"Cook County (part), Evanston city, Illinois",Evanston,24582,Hispanic/Latino,8778
"Cook County (part), Evanston city, Illinois",Evanston,24582,Non-Hispanic Asian,7701
"Cook County (part), Evanston city, Illinois",Evanston,24582,Non-Hispanic Black,12329
"Cook County (part), Evanston city, Illinois",Evanston,24582,Non-Hispanic Multiracial,4165
"Cook County (part), Evanston city, Illinois",Evanston,24582,Non-Hispanic Other,603
"Cook County (part), Evanston city, Illinois",Evanston,24582,Non-Hispanic White,44534
"Cook County (part), Evergreen Park village, Illinois",Evergreen Park,24634,Hispanic/Latino,3411
"Cook County (part), Evergreen Park village, Illinois",Evergreen Park,24634,Non-Hispanic Asian,232
"Cook County (part), Evergreen Park village, Illinois",Evergreen Park,24634,Non-Hispanic Black,4775
"Cook County (part), Evergreen Park village, Illinois",Evergreen Park,24634,Non-Hispanic Multiracial,501
"Cook County (part), Evergreen Park village, Illinois",Evergreen Park,24634,Non-Hispanic Other,125
"Cook County (part), Evergreen Park village, Illinois",Evergreen Park,24634,Non-Hispanic White,10899
"Cook County (part), Flossmoor village, Illinois",Flossmoor,26571,Hispanic/Latino,462
"Cook County (part), Flossmoor village, Illinois",Flossmoor,26571,Non-Hispanic Asian,187
"Cook County (part), Flossmoor village, Illinois",Flossmoor,26571,Non-Hispanic Black,5645
"Cook County (part), Flossmoor village, Illinois",Flossmoor,26571,Non-Hispanic Multiracial,398
"Cook County (part), Flossmoor village, Illinois",Flossmoor,26571,Non-Hispanic Other,54
"Cook County (part), Flossmoor village, Illinois",Flossmoor,26571,Non-Hispanic White,2958
"Cook County (part), Ford Heights village, Illinois",Ford Heights,26710,Hispanic/Latino,67
"Cook County (part), Ford Heights village, Illinois",Ford Heights,26710,Non-Hispanic Asian,4
"Cook County (part), Ford Heights village, Illinois",Ford Heights,26710,Non-Hispanic Black,1651
"Cook County (part), Ford Heights village, Illinois",Ford Heights,26710,Non-Hispanic Multiracial,37
"Cook County (part), Ford Heights village, Illinois",Ford Heights,26710,Non-Hispanic Other,10
"Cook County (part), Ford Heights village, Illinois",Ford Heights,26710,Non-Hispanic White,44
"Cook County (part), Forest Park village, Illinois",Forest Park,26935,Hispanic/Latino,1623
"Cook County (part), Forest Park village, Illinois",Forest Park,26935,Non-Hispanic Asian,879
"Cook County (part), Forest Park village, Illinois",Forest Park,26935,Non-Hispanic Black,4345
"Cook County (part), Forest Park village, Illinois",Forest Park,26935,Non-Hispanic Multiracial,594
"Cook County (part), Forest Park village, Illinois",Forest Park,26935,Non-Hispanic Other,142
"Cook County (part), Forest Park village, Illinois",Forest Park,26935,Non-Hispanic White,6756
"Cook County (part), Forest View village, Illinois",Forest View,26987,Hispanic/Latino,387
"Cook County (part), Forest View village, Illinois",Forest View,26987,Non-Hispanic Asian,12
"Cook County (part), Forest View village, Illinois",Forest View,26987,Non-Hispanic Black,16
"Cook County (part), Forest View village, Illinois",Forest View,26987,Non-Hispanic Multiracial,18
"Cook County (part), Forest View village, Illinois",Forest View,26987,Non-Hispanic Other,0
"Cook County (part), Forest View village, Illinois",Forest View,26987,Non-Hispanic White,359
"Cook County (part), Frankfort village, Illinois",Frankfort,27624,Hispanic/Latino,0
"Cook County (part), Frankfort village, Illinois",Frankfort,27624,Non-Hispanic Asian,0
"Cook County (part), Frankfort village, Illinois",Frankfort,27624,Non-Hispanic Black,0
"Cook County (part), Frankfort village, Illinois",Frankfort,27624,Non-Hispanic Multiracial,0
"Cook County (part), Frankfort village, Illinois",Frankfort,27624,Non-Hispanic Other,0
"Cook County (part), Frankfort village, Illinois",Frankfort,27624,Non-Hispanic White,0
"Cook County (part), Franklin Park village, Illinois",Franklin Park,27702,Hispanic/Latino,9632
"Cook County (part), Franklin Park village, Illinois",Franklin Park,27702,Non-Hispanic Asian,705
"Cook County (part), Franklin Park village, Illinois",Franklin Park,27702,Non-Hispanic Black,242
"Cook County (part), Franklin Park village, Illinois",Franklin Park,27702,Non-Hispanic Multiracial,268
"Cook County (part), Franklin Park village, Illinois",Franklin Park,27702,Non-Hispanic Other,90
"Cook County (part), Franklin Park village, Illinois",Franklin Park,27702,Non-Hispanic White,7530
"Cook County (part), Glencoe village, Illinois",Glencoe,29652,Hispanic/Latino,372
"Cook County (part), Glencoe village, Illinois",Glencoe,29652,Non-Hispanic Asian,377
"Cook County (part), Glencoe village, Illinois",Glencoe,29652,Non-Hispanic Black,92
"Cook County (part), Glencoe village, Illinois",Glencoe,29652,Non-Hispanic Multiracial,327
"Cook County (part), Glencoe village, Illinois",Glencoe,29652,Non-Hispanic Other,46
"Cook County (part), Glencoe village, Illinois",Glencoe,29652,Non-Hispanic White,7635
"Cook County (part), Glenview village, Illinois",Glenview,29938,Hispanic/Latino,3595
"Cook County (part), Glenview village, Illinois",Glenview,29938,Non-Hispanic Asian,8042
"Cook County (part), Glenview village, Illinois",Glenview,29938,Non-Hispanic Black,519
"Cook County (part), Glenview village, Illinois",Glenview,29938,Non-Hispanic Multiracial,1664
"Cook County (part), Glenview village, Illinois",Glenview,29938,Non-Hispanic Other,296
"Cook County (part), Glenview village, Illinois",Glenview,29938,Non-Hispanic White,34589
"Cook County (part), Glenwood village, Illinois",Glenwood,30029,Hispanic/Latino,718
"Cook County (part), Glenwood village, Illinois",Glenwood,30029,Non-Hispanic Asian,9
"Cook County (part), Glenwood village, Illinois",Glenwood,30029,Non-Hispanic Black,6457
"Cook County (part), Glenwood village, Illinois",Glenwood,30029,Non-Hispanic Multiracial,201
"Cook County (part), Glenwood village, Illinois",Glenwood,30029,Non-Hispanic Other,37
"Cook County (part), Glenwood village, Illinois",Glenwood,30029,Non-Hispanic White,1240
"Cook County (part), Golf village, Illinois",Golf,30328,Hispanic/Latino,35
"Cook County (part), Golf village, Illinois",Golf,30328,Non-Hispanic Asian,29
"Cook County (part), Golf village, Illinois",Golf,30328,Non-Hispanic Black,7
"Cook County (part), Golf village, Illinois",Golf,30328,Non-Hispanic Multiracial,12
"Cook County (part), Golf village, Illinois",Golf,30328,Non-Hispanic Other,3
"Cook County (part), Golf village, Illinois",Golf,30328,Non-Hispanic White,428
"Cook County (part), Hanover Park village, Illinois",Hanover Park,32746,Hispanic/Latino,10629
"Cook County (part), Hanover Park village, Illinois",Hanover Park,32746,Non-Hispanic Asian,2326
"Cook County (part), Hanover Park village, Illinois",Hanover Park,32746,Non-Hispanic Black,988
"Cook County (part), Hanover Park village, Illinois",Hanover Park,32746,Non-Hispanic Multiracial,463
"Cook County (part), Hanover Park village, Illinois",Hanover Park,32746,Non-Hispanic Other,99
"Cook County (part), Hanover Park village, Illinois",Hanover Park,32746,Non-Hispanic White,5582
"Cook County (part), Harvey city, Illinois",Harvey,33383,Hispanic/Latino,6040
"Cook County (part), Harvey city, Illinois",Harvey,33383,Non-Hispanic Asian,490
"Cook County (part), Harvey city, Illinois",Harvey,33383,Non-Hispanic Black,12729
"Cook County (part), Harvey city, Illinois",Harvey,33383,Non-Hispanic Multiracial,350
"Cook County (part), Harvey city, Illinois",Harvey,33383,Non-Hispanic Other,124
"Cook County (part), Harvey city, Illinois",Harvey,33383,Non-Hispanic White,591
"Cook County (part), Harwood Heights village, Illinois",Harwood Heights,33435,Hispanic/Latino,1459
"Cook County (part), Harwood Heights village, Illinois",Harwood Heights,33435,Non-Hispanic Asian,861
"Cook County (part), Harwood Heights village, Illinois",Harwood Heights,33435,Non-Hispanic Black,66
"Cook County (part), Harwood Heights village, Illinois",Harwood Heights,33435,Non-Hispanic Multiracial,171
"Cook County (part), Harwood Heights village, Illinois",Harwood Heights,33435,Non-Hispanic Other,25
"Cook County (part), Harwood Heights village, Illinois",Harwood Heights,33435,Non-Hispanic White,6483
"Cook County (part), Hazel Crest village, Illinois",Hazel Crest,33695,Hispanic/Latino,742
"Cook County (part), Hazel Crest village, Illinois",Hazel Crest,33695,Non-Hispanic Asian,49
"Cook County (part), Hazel Crest village, Illinois",Hazel Crest,33695,Non-Hispanic Black,11441
"Cook County (part), Hazel Crest village, Illinois",Hazel Crest,33695,Non-Hispanic Multiracial,304
"Cook County (part), Hazel Crest village, Illinois",Hazel Crest,33695,Non-Hispanic Other,88
"Cook County (part), Hazel Crest village, Illinois",Hazel Crest,33695,Non-Hispanic White,758
"Cook County (part), Hickory Hills city, Illinois",Hickory Hills,34514,Hispanic/Latino,2329
"Cook County (part), Hickory Hills city, Illinois",Hickory Hills,34514,Non-Hispanic Asian,389
"Cook County (part), Hickory Hills city, Illinois",Hickory Hills,34514,Non-Hispanic Black,462
"Cook County (part), Hickory Hills city, Illinois",Hickory Hills,34514,Non-Hispanic Multiracial,329
"Cook County (part), Hickory Hills city, Illinois",Hickory Hills,34514,Non-Hispanic Other,49
"Cook County (part), Hickory Hills city, Illinois",Hickory Hills,34514,Non-Hispanic White,10947
"Cook County (part), Hillside village, Illinois",Hillside,35086,Hispanic/Latino,2958
"Cook County (part), Hillside village, Illinois",Hillside,35086,Non-Hispanic Asian,253
"Cook County (part), Hillside village, Illinois",Hillside,35086,Non-Hispanic Black,3519
"Cook County (part), Hillside village, Illinois",Hillside,35086,Non-Hispanic Multiracial,129
"Cook County (part), Hillside village, Illinois",Hillside,35086,Non-Hispanic Other,47
"Cook County (part), Hillside village, Illinois",Hillside,35086,Non-Hispanic White,1414
"Cook County (part), Hinsdale village, Illinois",Hinsdale,35307,Hispanic/Latino,158
"Cook County (part), Hinsdale village, Illinois",Hinsdale,35307,Non-Hispanic Asian,362
"Cook County (part), Hinsdale village, Illinois",Hinsdale,35307,Non-Hispanic Black,71
"Cook County (part), Hinsdale village, Illinois",Hinsdale,35307,Non-Hispanic Multiracial,98
"Cook County (part), Hinsdale village, Illinois",Hinsdale,35307,Non-Hispanic Other,12
"Cook County (part), Hinsdale village, Illinois",Hinsdale,35307,Non-Hispanic White,1671
"Cook County (part), Hodgkins village, Illinois",Hodgkins,35385,Hispanic/Latino,662
"Cook County (part), Hodgkins village, Illinois",Hodgkins,35385,Non-Hispanic Asian,21
"Cook County (part), Hodgkins village, Illinois",Hodgkins,35385,Non-Hispanic Black,17
"Cook County (part), Hodgkins village, Illinois",Hodgkins,35385,Non-Hispanic Multiracial,44
"Cook County (part), Hodgkins village, Illinois",Hodgkins,35385,Non-Hispanic Other,3
"Cook County (part), Hodgkins village, Illinois",Hodgkins,35385,Non-Hispanic White,753
"Cook County (part), Hoffman Estates village, Illinois",Hoffman Estates,35411,Hispanic/Latino,8478
"Cook County (part), Hoffman Estates village, Illinois",Hoffman Estates,35411,Non-Hispanic Asian,13733
"Cook County (part), Hoffman Estates village, Illinois",Hoffman Estates,35411,Non-Hispanic Black,2472
"Cook County (part), Hoffman Estates village, Illinois",Hoffman Estates,35411,Non-Hispanic Multiracial,1579
"Cook County (part), Hoffman Estates village, Illinois",Hoffman Estates,35411,Non-Hispanic Other,254
"Cook County (part), Hoffman Estates village, Illinois",Hoffman Estates,35411,Non-Hispanic White,26014
"Cook County (part), Homer Glen village, Illinois",Homer Glen,35835,Hispanic/Latino,0
"Cook County (part), Homer Glen village, Illinois",Homer Glen,35835,Non-Hispanic Asian,0
"Cook County (part), Homer Glen village, Illinois",Homer Glen,35835,Non-Hispanic Black,0
"Cook County (part), Homer Glen village, Illinois",Homer Glen,35835,Non-Hispanic Multiracial,0
"Cook County (part), Homer Glen village, Illinois",Homer Glen,35835,Non-Hispanic Other,0
"Cook County (part), Homer Glen village, Illinois",Homer Glen,35835,Non-Hispanic White,0
"Cook County (part), Hometown city, Illinois",Hometown,35866,Hispanic/Latino,1118
"Cook County (part), Hometown city, Illinois",Hometown,35866,Non-Hispanic Asian,38
"Cook County (part), Hometown city, Illinois",Hometown,35866,Non-Hispanic Black,86
"Cook County (part), Hometown city, Illinois",Hometown,35866,Non-Hispanic Multiracial,97
"Cook County (part), Hometown city, Illinois",Hometown,35866,Non-Hispanic Other,25
"Cook County (part), Hometown city, Illinois",Hometown,35866,Non-Hispanic White,2979
"Cook County (part), Homewood village, Illinois",Homewood,35879,Hispanic/Latino,1626
"Cook County (part), Homewood village, Illinois",Homewood,35879,Non-Hispanic Asian,251
"Cook County (part), Homewood village, Illinois",Homewood,35879,Non-Hispanic Black,8657
"Cook County (part), Homewood village, Illinois",Homewood,35879,Non-Hispanic Multiracial,758
"Cook County (part), Homewood village, Illinois",Homewood,35879,Non-Hispanic Other,107
"Cook County (part), Homewood village, Illinois",Homewood,35879,Non-Hispanic White,8064
"Cook County (part), Indian Head Park village, Illinois",Indian Head Park,37257,Hispanic/Latino,281
"Cook County (part), Indian Head Park village, Illinois",Indian Head Park,37257,Non-Hispanic Asian,129
"Cook County (part), Indian Head Park village, Illinois",Indian Head Park,37257,Non-Hispanic Black,102
"Cook County (part), Indian Head Park village, Illinois",Indian Head Park,37257,Non-Hispanic Multiracial,61
"Cook County (part), Indian Head Park village, Illinois",Indian Head Park,37257,Non-Hispanic Other,11
"Cook County (part), Indian Head Park village, Illinois",Indian Head Park,37257,Non-Hispanic White,3481
"Cook County (part), Inverness village, Illinois",Inverness,37608,Hispanic/Latino,262
"Cook County (part), Inverness village, Illinois",Inverness,37608,Non-Hispanic Asian,1207
"Cook County (part), Inverness village, Illinois",Inverness,37608,Non-Hispanic Black,39
"Cook County (part), Inverness village, Illinois",Inverness,37608,Non-Hispanic Multiracial,205
"Cook County (part), Inverness village, Illinois",Inverness,37608,Non-Hispanic Other,36
"Cook County (part), Inverness village, Illinois",Inverness,37608,Non-Hispanic White,5867
"Cook County (part), Justice village, Illinois",Justice,38830,Hispanic/Latino,2077
"Cook County (part), Justice village, Illinois",Justice,38830,Non-Hispanic Asian,224
"Cook County (part), Justice village, Illinois",Justice,38830,Non-Hispanic Black,2516
"Cook County (part), Justice village, Illinois",Justice,38830,Non-Hispanic Multiracial,294
"Cook County (part), Justice village, Illinois",Justice,38830,Non-Hispanic Other,47
"Cook County (part), Justice village, Illinois",Justice,38830,Non-Hispanic White,7442
"Cook County (part), Kenilworth village, Illinois",Kenilworth,39519,Hispanic/Latino,103
"Cook County (part), Kenilworth village, Illinois",Kenilworth,39519,Non-Hispanic Asian,105
"Cook County (part), Kenilworth village, Illinois",Kenilworth,39519,Non-Hispanic Black,8
"Cook County (part), Kenilworth village, Illinois",Kenilworth,39519,Non-Hispanic Multiracial,77
"Cook County (part), Kenilworth village, Illinois",Kenilworth,39519,Non-Hispanic Other,14
"Cook County (part), Kenilworth village, Illinois",Kenilworth,39519,Non-Hispanic White,2207
"Cook County (part), La Grange Park village, Illinois",La Grange Park,40793,Hispanic/Latino,1590
"Cook County (part), La Grange Park village, Illinois",La Grange Park,40793,Non-Hispanic Asian,316
"Cook County (part), La Grange Park village, Illinois",La Grange Park,40793,Non-Hispanic Black,566
"Cook County (part), La Grange Park village, Illinois",La Grange Park,40793,Non-Hispanic Multiracial,399
"Cook County (part), La Grange Park village, Illinois",La Grange Park,40793,Non-Hispanic Other,46
"Cook County (part), La Grange Park village, Illinois",La Grange Park,40793,Non-Hispanic White,10558
"Cook County (part), La Grange village, Illinois",La Grange,40767,Hispanic/Latino,1421
"Cook County (part), La Grange village, Illinois",La Grange,40767,Non-Hispanic Asian,274
"Cook County (part), La Grange village, Illinois",La Grange,40767,Non-Hispanic Black,585
"Cook County (part), La Grange village, Illinois",La Grange,40767,Non-Hispanic Multiracial,582
"Cook County (part), La Grange village, Illinois",La Grange,40767,Non-Hispanic Other,39
"Cook County (part), La Grange village, Illinois",La Grange,40767,Non-Hispanic White,13420
"Cook County (part), Lansing village, Illinois",Lansing,42028,Hispanic/Latino,5993
"Cook County (part), Lansing village, Illinois",Lansing,42028,Non-Hispanic Asian,264
"Cook County (part), Lansing village, Illinois",Lansing,42028,Non-Hispanic Black,13421
"Cook County (part), Lansing village, Illinois",Lansing,42028,Non-Hispanic Multiracial,734
"Cook County (part), Lansing village, Illinois",Lansing,42028,Non-Hispanic Other,202
"Cook County (part), Lansing village, Illinois",Lansing,42028,Non-Hispanic White,8462
"Cook County (part), Lemont village, Illinois",Lemont,42795,Hispanic/Latino,1253
"Cook County (part), Lemont village, Illinois",Lemont,42795,Non-Hispanic Asian,421
"Cook County (part), Lemont village, Illinois",Lemont,42795,Non-Hispanic Black,147
"Cook County (part), Lemont village, Illinois",Lemont,42795,Non-Hispanic Multiracial,402
"Cook County (part), Lemont village, Illinois",Lemont,42795,Non-Hispanic Other,31
"Cook County (part), Lemont village, Illinois",Lemont,42795,Non-Hispanic White,15366
"Cook County (part), Lincolnwood village, Illinois",Lincolnwood,43744,Hispanic/Latino,993
"Cook County (part), Lincolnwood village, Illinois",Lincolnwood,43744,Non-Hispanic Asian,4164
"Cook County (part), Lincolnwood village, Illinois",Lincolnwood,43744,Non-Hispanic Black,248
"Cook County (part), Lincolnwood village, Illinois",Lincolnwood,43744,Non-Hispanic Multiracial,323
"Cook County (part), Lincolnwood village, Illinois",Lincolnwood,43744,Non-Hispanic Other,53
"Cook County (part), Lincolnwood village, Illinois",Lincolnwood,43744,Non-Hispanic White,7682
"Cook County (part), Lynwood village, Illinois",Lynwood,45421,Hispanic/Latino,752
"Cook County (part), Lynwood village, Illinois",Lynwood,45421,Non-Hispanic Asian,41
"Cook County (part), Lynwood village, Illinois",Lynwood,45421,Non-Hispanic Black,6869
"Cook County (part), Lynwood village, Illinois",Lynwood,45421,Non-Hispanic Multiracial,229
"Cook County (part), Lynwood village, Illinois",Lynwood,45421,Non-Hispanic Other,38
"Cook County (part), Lynwood village, Illinois",Lynwood,45421,Non-Hispanic White,1187
"Cook County (part), Lyons village, Illinois",Lyons,45434,Hispanic/Latino,5388
"Cook County (part), Lyons village, Illinois",Lyons,45434,Non-Hispanic Asian,179
"Cook County (part), Lyons village, Illinois",Lyons,45434,Non-Hispanic Black,464
"Cook County (part), Lyons village, Illinois",Lyons,45434,Non-Hispanic Multiracial,269
"Cook County (part), Lyons village, Illinois",Lyons,45434,Non-Hispanic Other,59
"Cook County (part), Lyons village, Illinois",Lyons,45434,Non-Hispanic White,4458
"Cook County (part), Markham city, Illinois",Markham,47007,Hispanic/Latino,2014
"Cook County (part), Markham city, Illinois",Markham,47007,Non-Hispanic Asian,103
"Cook County (part), Markham city, Illinois",Markham,47007,Non-Hispanic Black,8420
"Cook County (part), Markham city, Illinois",Markham,47007,Non-Hispanic Multiracial,258
"Cook County (part), Markham city, Illinois",Markham,47007,Non-Hispanic Other,43
"Cook County (part), Markham city, Illinois",Markham,47007,Non-Hispanic White,823
"Cook County (part), Matteson village, Illinois",Matteson,47540,Hispanic/Latino,803
"Cook County (part), Matteson village, Illinois",Matteson,47540,Non-Hispanic Asian,185
"Cook County (part), Matteson village, Illinois",Matteson,47540,Non-Hispanic Black,15641
"Cook County (part), Matteson village, Illinois",Matteson,47540,Non-Hispanic Multiracial,495
"Cook County (part), Matteson village, Illinois",Matteson,47540,Non-Hispanic Other,118
"Cook County (part), Matteson village, Illinois",Matteson,47540,Non-Hispanic White,1831
"Cook County (part), Maywood village, Illinois",Maywood,47774,Hispanic/Latino,8002
"Cook County (part), Maywood village, Illinois",Maywood,47774,Non-Hispanic Asian,110
"Cook County (part), Maywood village, Illinois",Maywood,47774,Non-Hispanic Black,14193
"Cook County (part), Maywood village, Illinois",Maywood,47774,Non-Hispanic Multiracial,401
"Cook County (part), Maywood village, Illinois",Maywood,47774,Non-Hispanic Other,84
"Cook County (part), Maywood village, Illinois",Maywood,47774,Non-Hispanic White,722
"Cook County (part), McCook village, Illinois",McCook,45564,Hispanic/Latino,91
"Cook County (part), McCook village, Illinois",McCook,45564,Non-Hispanic Asian,3
"Cook County (part), McCook village, Illinois",McCook,45564,Non-Hispanic Black,0
"Cook County (part), McCook village, Illinois",McCook,45564,Non-Hispanic Multiracial,11
"Cook County (part), McCook village, Illinois",McCook,45564,Non-Hispanic Other,3
"Cook County (part), McCook village, Illinois",McCook,45564,Non-Hispanic White,141
"Cook County (part), Melrose Park village, Illinois",Melrose Park,48242,Hispanic/Latino,18519
"Cook County (part), Melrose Park village, Illinois",Melrose Park,48242,Non-Hispanic Asian,308
"Cook County (part), Melrose Park village, Illinois",Melrose Park,48242,Non-Hispanic Black,1442
"Cook County (part), Melrose Park village, Illinois",Melrose Park,48242,Non-Hispanic Multiracial,166
"Cook County (part), Melrose Park village, Illinois",Melrose Park,48242,Non-Hispanic Other,69
"Cook County (part), Melrose Park village, Illinois",Melrose Park,48242,Non-Hispanic White,4292
"Cook County (part), Merrionette Park village, Illinois",Merrionette Park,48554,Hispanic/Latino,379
"Cook County (part), Merrionette Park village, Illinois",Merrionette Park,48554,Non-Hispanic Asian,21
"Cook County (part), Merrionette Park village, Illinois",Merrionette Park,48554,Non-Hispanic Black,347
"Cook County (part), Merrionette Park village, Illinois",Merrionette Park,48554,Non-Hispanic Multiracial,59
"Cook County (part), Merrionette Park village, Illinois",Merrionette Park,48554,Non-Hispanic Other,10
"Cook County (part), Merrionette Park village, Illinois",Merrionette Park,48554,Non-Hispanic White,1153
"Cook County (part), Midlothian village, Illinois",Midlothian,48892,Hispanic/Latino,4605
"Cook County (part), Midlothian village, Illinois",Midlothian,48892,Non-Hispanic Asian,196
"Cook County (part), Midlothian village, Illinois",Midlothian,48892,Non-Hispanic Black,1880
"Cook County (part), Midlothian village, Illinois",Midlothian,48892,Non-Hispanic Multiracial,482
"Cook County (part), Midlothian village, Illinois",Midlothian,48892,Non-Hispanic Other,55
"Cook County (part), Midlothian village, Illinois",Midlothian,48892,Non-Hispanic White,7107
"Cook County (part), Morton Grove village, Illinois",Morton Grove,50647,Hispanic/Latino,2041
"Cook County (part), Morton Grove village, Illinois",Morton Grove,50647,Non-Hispanic Asian,8540
"Cook County (part), Morton Grove village, Illinois",Morton Grove,50647,Non-Hispanic Black,474
"Cook County (part), Morton Grove village, Illinois",Morton Grove,50647,Non-Hispanic Multiracial,776
"Cook County (part), Morton Grove village, Illinois",Morton Grove,50647,Non-Hispanic Other,107
"Cook County (part), Morton Grove village, Illinois",Morton Grove,50647,Non-Hispanic White,13359
"Cook County (part), Mount Prospect village, Illinois",Mount Prospect,51089,Hispanic/Latino,9186
"Cook County (part), Mount Prospect village, Illinois",Mount Prospect,51089,Non-Hispanic Asian,8192
"Cook County (part), Mount Prospect village, Illinois",Mount Prospect,51089,Non-Hispanic Black,1459
"Cook County (part), Mount Prospect village, Illinois",Mount Prospect,51089,Non-Hispanic Multiracial,1338
"Cook County (part), Mount Prospect village, Illinois",Mount Prospect,51089,Non-Hispanic Other,214
"Cook County (part), Mount Prospect village, Illinois",Mount Prospect,51089,Non-Hispanic White,36463
"Cook County (part), Niles village, Illinois",Niles,53000,Hispanic/Latino,3447
"Cook County (part), Niles village, Illinois",Niles,53000,Non-Hispanic Asian,6040
"Cook County (part), Niles village, Illinois",Niles,53000,Non-Hispanic Black,500
"Cook County (part), Niles village, Illinois",Niles,53000,Non-Hispanic Multiracial,637
"Cook County (part), Niles village, Illinois",Niles,53000,Non-Hispanic Other,88
"Cook County (part), Niles village, Illinois",Niles,53000,Non-Hispanic White,20200
"Cook County (part), Norridge village, Illinois",Norridge,53377,Hispanic/Latino,1790
"Cook County (part), Norridge village, Illinois",Norridge,53377,Non-Hispanic Asian,910
"Cook County (part), Norridge village, Illinois",Norridge,53377,Non-Hispanic Black,60
"Cook County (part), Norridge village, Illinois",Norridge,53377,Non-Hispanic Multiracial,207
"Cook County (part), Norridge village, Illinois",Norridge,53377,Non-Hispanic Other,50
"Cook County (part), Norridge village, Illinois",Norridge,53377,Non-Hispanic White,12234
"Cook County (part), North Riverside village, Illinois",North Riverside,54144,Hispanic/Latino,2687
"Cook County (part), North Riverside village, Illinois",North Riverside,54144,Non-Hispanic Asian,219
"Cook County (part), North Riverside village, Illinois",North Riverside,54144,Non-Hispanic Black,513
"Cook County (part), North Riverside village, Illinois",North Riverside,54144,Non-Hispanic Multiracial,158
"Cook County (part), North Riverside village, Illinois",North Riverside,54144,Non-Hispanic Other,39
"Cook County (part), North Riverside village, Illinois",North Riverside,54144,Non-Hispanic White,3810
"Cook County (part), Northbrook village, Illinois",Northbrook,53481,Hispanic/Latino,1202
"Cook County (part), Northbrook village, Illinois",Northbrook,53481,Non-Hispanic Asian,5746
"Cook County (part), Northbrook village, Illinois",Northbrook,53481,Non-Hispanic Black,257
"Cook County (part), Northbrook village, Illinois",Northbrook,53481,Non-Hispanic Multiracial,922
"Cook County (part), Northbrook village, Illinois",Northbrook,53481,Non-Hispanic Other,97
"Cook County (part), Northbrook village, Illinois",Northbrook,53481,Non-Hispanic White,26998
"Cook County (part), Northfield village, Illinois",Northfield,53663,Hispanic/Latino,278
"Cook County (part), Northfield village, Illinois",Northfield,53663,Non-Hispanic Asian,529
"Cook County (part), Northfield village, Illinois",Northfield,53663,Non-Hispanic Black,25
"Cook County (part), Northfield village, Illinois",Northfield,53663,Non-Hispanic Multiracial,205
"Cook County (part), Northfield village, Illinois",Northfield,53663,Non-Hispanic Other,8
"Cook County (part), Northfield village, Illinois",Northfield,53663,Non-Hispanic White,4706
"Cook County (part), Northlake city, Illinois",Northlake,53871,Hispanic/Latino,7922
"Cook County (part), Northlake city, Illinois",Northlake,53871,Non-Hispanic Asian,361
"Cook County (part), Northlake city, Illinois",Northlake,53871,Non-Hispanic Black,430
"Cook County (part), Northlake city, Illinois",Northlake,53871,Non-Hispanic Multiracial,197
"Cook County (part), Northlake city, Illinois",Northlake,53871,Non-Hispanic Other,35
"Cook County (part), Northlake city, Illinois",Northlake,53871,Non-Hispanic White,3895
"Cook County (part), Oak Forest city, Illinois",Oak Forest,54638,Hispanic/Latino,4541
"Cook County (part), Oak Forest city, Illinois",Oak Forest,54638,Non-Hispanic Asian,1313
"Cook County (part), Oak Forest city, Illinois",Oak Forest,54638,Non-Hispanic Black,2012
"Cook County (part), Oak Forest city, Illinois",Oak Forest,54638,Non-Hispanic Multiracial,815
"Cook County (part), Oak Forest city, Illinois",Oak Forest,54638,Non-Hispanic Other,191
"Cook County (part), Oak Forest city, Illinois",Oak Forest,54638,Non-Hispanic White,18606
"Cook County (part), Oak Lawn village, Illinois",Oak Lawn,54820,Hispanic/Latino,13167
"Cook County (part), Oak Lawn village, Illinois",Oak Lawn,54820,Non-Hispanic Asian,1630
"Cook County (part), Oak Lawn village, Illinois",Oak Lawn,54820,Non-Hispanic Black,4335
"Cook County (part), Oak Lawn village, Illinois",Oak Lawn,54820,Non-Hispanic Multiracial,1437
"Cook County (part), Oak Lawn village, Illinois",Oak Lawn,54820,Non-Hispanic Other,294
"Cook County (part), Oak Lawn village, Illinois",Oak Lawn,54820,Non-Hispanic White,37499
"Cook County (part), Oak Park village, Illinois",Oak Park,54885,Hispanic/Latino,5080
"Cook County (part), Oak Park village, Illinois",Oak Park,54885,Non-Hispanic Asian,2944
"Cook County (part), Oak Park village, Illinois",Oak Park,54885,Non-Hispanic Black,10200
"Cook County (part), Oak Park village, Illinois",Oak Park,54885,Non-Hispanic Multiracial,3187
"Cook County (part), Oak Park village, Illinois",Oak Park,54885,Non-Hispanic Other,326
"Cook County (part), Oak Park village, Illinois",Oak Park,54885,Non-Hispanic White,32846
"Cook County (part), Olympia Fields village, Illinois",Olympia Fields,55938,Hispanic/Latino,147
"Cook County (part), Olympia Fields village, Illinois",Olympia Fields,55938,Non-Hispanic Asian,67
"Cook County (part), Olympia Fields village, Illinois",Olympia Fields,55938,Non-Hispanic Black,3648
"Cook County (part), Olympia Fields village, Illinois",Olympia Fields,55938,Non-Hispanic Multiracial,115
"Cook County (part), Olympia Fields village, Illinois",Olympia Fields,55938,Non-Hispanic Other,36
"Cook County (part), Olympia Fields village, Illinois",Olympia Fields,55938,Non-Hispanic White,705
"Cook County (part), Orland Hills village, Illinois",Orland Hills,56627,Hispanic/Latino,854
"Cook County (part), Orland Hills village, Illinois",Orland Hills,56627,Non-Hispanic Asian,336
"Cook County (part), Orland Hills village, Illinois",Orland Hills,56627,Non-Hispanic Black,604
"Cook County (part), Orland Hills village, Illinois",Orland Hills,56627,Non-Hispanic Multiracial,183
"Cook County (part), Orland Hills village, Illinois",Orland Hills,56627,Non-Hispanic Other,19
"Cook County (part), Orland Hills village, Illinois",Orland Hills,56627,Non-Hispanic White,4897
"Cook County (part), Orland Park village, Illinois",Orland Park,56640,Hispanic/Latino,4656
"Cook County (part), Orland Park village, Illinois",Orland Park,56640,Non-Hispanic Asian,3131
"Cook County (part), Orland Park village, Illinois",Orland Park,56640,Non-Hispanic Black,1984
"Cook County (part), Orland Park village, Illinois",Orland Park,56640,Non-Hispanic Multiracial,1373
"Cook County (part), Orland Park village, Illinois",Orland Park,56640,Non-Hispanic Other,217
"Cook County (part), Orland Park village, Illinois",Orland Park,56640,Non-Hispanic White,46983
"Cook County (part), Palatine village, Illinois",Palatine,57225,Hispanic/Latino,13305
"Cook County (part), Palatine village, Illinois",Palatine,57225,Non-Hispanic Asian,8754
"Cook County (part), Palatine village, Illinois",Palatine,57225,Non-Hispanic Black,2024
"Cook County (part), Palatine village, Illinois",Palatine,57225,Non-Hispanic Multiracial,1863
"Cook County (part), Palatine village, Illinois",Palatine,57225,Non-Hispanic Other,289
"Cook County (part), Palatine village, Illinois",Palatine,57225,Non-Hispanic White,41673
"Cook County (part), Palos Heights city, Illinois",Palos Heights,57381,Hispanic/Latino,646
"Cook County (part), Palos Heights city, Illinois",Palos Heights,57381,Non-Hispanic Asian,224
"Cook County (part), Palos Heights city, Illinois",Palos Heights,57381,Non-Hispanic Black,196
"Cook County (part), Palos Heights city, Illinois",Palos Heights,57381,Non-Hispanic Multiracial,235
"Cook County (part), Palos Heights city, Illinois",Palos Heights,57381,Non-Hispanic Other,33
"Cook County (part), Palos Heights city, Illinois",Palos Heights,57381,Non-Hispanic White,10734
"Cook County (part), Palos Hills city, Illinois",Palos Hills,57394,Hispanic/Latino,1889
"Cook County (part), Palos Hills city, Illinois",Palos Hills,57394,Non-Hispanic Asian,392
"Cook County (part), Palos Hills city, Illinois",Palos Hills,57394,Non-Hispanic Black,1040
"Cook County (part), Palos Hills city, Illinois",Palos Hills,57394,Non-Hispanic Multiracial,386
"Cook County (part), Palos Hills city, Illinois",Palos Hills,57394,Non-Hispanic Other,94
"Cook County (part), Palos Hills city, Illinois",Palos Hills,57394,Non-Hispanic White,14729
"Cook County (part), Palos Park village, Illinois",Palos Park,57407,Hispanic/Latino,346
"Cook County (part), Palos Park village, Illinois",Palos Park,57407,Non-Hispanic Asian,102
"Cook County (part), Palos Park village, Illinois",Palos Park,57407,Non-Hispanic Black,69
"Cook County (part), Palos Park village, Illinois",Palos Park,57407,Non-Hispanic Multiracial,112
"Cook County (part), Palos Park village, Illinois",Palos Park,57407,Non-Hispanic Other,23
"Cook County (part), Palos Park village, Illinois",Palos Park,57407,Non-Hispanic White,4247
"Cook County (part), Park Forest village, Illinois",Park Forest,57732,Hispanic/Latino,1464
"Cook County (part), Park Forest village, Illinois",Park Forest,57732,Non-Hispanic Asian,126
"Cook County (part), Park Forest village, Illinois",Park Forest,57732,Non-Hispanic Black,12729
"Cook County (part), Park Forest village, Illinois",Park Forest,57732,Non-Hispanic Multiracial,700
"Cook County (part), Park Forest village, Illinois",Park Forest,57732,Non-Hispanic Other,141
"Cook County (part), Park Forest village, Illinois",Park Forest,57732,Non-Hispanic White,3322
"Cook County (part), Park Ridge city, Illinois",Park Ridge,57875,Hispanic/Latino,2855
"Cook County (part), Park Ridge city, Illinois",Park Ridge,57875,Non-Hispanic Asian,1913
"Cook County (part), Park Ridge city, Illinois",Park Ridge,57875,Non-Hispanic Black,204
"Cook County (part), Park Ridge city, Illinois",Park Ridge,57875,Non-Hispanic Multiracial,1093
"Cook County (part), Park Ridge city, Illinois",Park Ridge,57875,Non-Hispanic Other,147
"Cook County (part), Park Ridge city, Illinois",Park Ridge,57875,Non-Hispanic White,33444
"Cook County (part), Phoenix village, Illinois",Phoenix,59572,Hispanic/Latino,204
"Cook County (part), Phoenix village, Illinois",Phoenix,59572,Non-Hispanic Asian,4
"Cook County (part), Phoenix village, Illinois",Phoenix,59572,Non-Hispanic Black,1445
"Cook County (part), Phoenix village, Illinois",Phoenix,59572,Non-Hispanic Multiracial,19
"Cook County (part), Phoenix village, Illinois",Phoenix,59572,Non-Hispanic Other,22
"Cook County (part), Phoenix village, Illinois",Phoenix,59572,Non-Hispanic White,14
"Cook County (part), Posen village, Illinois",Posen,61314,Hispanic/Latino,3458
"Cook County (part), Posen village, Illinois",Posen,61314,Non-Hispanic Asian,31
"Cook County (part), Posen village, Illinois",Posen,61314,Non-Hispanic Black,916
"Cook County (part), Posen village, Illinois",Posen,61314,Non-Hispanic Multiracial,90
"Cook County (part), Posen village, Illinois",Posen,61314,Non-Hispanic Other,17
"Cook County (part), Posen village, Illinois",Posen,61314,Non-Hispanic White,1120
"Cook County (part), Prospect Heights city, Illinois",Prospect Heights,62016,Hispanic/Latino,4655
"Cook County (part), Prospect Heights city, Illinois",Prospect Heights,62016,Non-Hispanic Asian,1641
"Cook County (part), Prospect Heights city, Illinois",Prospect Heights,62016,Non-Hispanic Black,215
"Cook County (part), Prospect Heights city, Illinois",Prospect Heights,62016,Non-Hispanic Multiracial,273
"Cook County (part), Prospect Heights city, Illinois",Prospect Heights,62016,Non-Hispanic Other,64
"Cook County (part), Prospect Heights city, Illinois",Prospect Heights,62016,Non-Hispanic White,9210
"Cook County (part), Richton Park village, Illinois",Richton Park,63706,Hispanic/Latino,542
"Cook County (part), Richton Park village, Illinois",Richton Park,63706,Non-Hispanic Asian,94
"Cook County (part), Richton Park village, Illinois",Richton Park,63706,Non-Hispanic Black,10988
"Cook County (part), Richton Park village, Illinois",Richton Park,63706,Non-Hispanic Multiracial,291
"Cook County (part), Richton Park village, Illinois",Richton Park,63706,Non-Hispanic Other,56
"Cook County (part), Richton Park village, Illinois",Richton Park,63706,Non-Hispanic White,804
"Cook County (part), River Forest village, Illinois",River Forest,64304,Hispanic/Latino,991
"Cook County (part), River Forest village, Illinois",River Forest,64304,Non-Hispanic Asian,932
"Cook County (part), River Forest village, Illinois",River Forest,64304,Non-Hispanic Black,869
"Cook County (part), River Forest village, Illinois",River Forest,64304,Non-Hispanic Multiracial,515
"Cook County (part), River Forest village, Illinois",River Forest,64304,Non-Hispanic Other,102
"Cook County (part), River Forest village, Illinois",River Forest,64304,Non-Hispanic White,8308
"Cook County (part), River Grove village, Illinois",River Grove,64343,Hispanic/Latino,3347
"Cook County (part), River Grove village, Illinois",River Grove,64343,Non-Hispanic Asian,232
"Cook County (part), River Grove village, Illinois",River Grove,64343,Non-Hispanic Black,202
"Cook County (part), River Grove village, Illinois",River Grove,64343,Non-Hispanic Multiracial,184
"Cook County (part), River Grove village, Illinois",River Grove,64343,Non-Hispanic Other,38
"Cook County (part), River Grove village, Illinois",River Grove,64343,Non-Hispanic White,6609
"Cook County (part), Riverdale village, Illinois",Riverdale,64278,Hispanic/Latino,340
"Cook County (part), Riverdale village, Illinois",Riverdale,64278,Non-Hispanic Asian,13
"Cook County (part), Riverdale village, Illinois",Riverdale,64278,Non-Hispanic Black,9791
"Cook County (part), Riverdale village, Illinois",Riverdale,64278,Non-Hispanic Multiracial,160
"Cook County (part), Riverdale village, Illinois",Riverdale,64278,Non-Hispanic Other,58
"Cook County (part), Riverdale village, Illinois",Riverdale,64278,Non-Hispanic White,301
"Cook County (part), Riverside village, Illinois",Riverside,64421,Hispanic/Latino,1520
"Cook County (part), Riverside village, Illinois",Riverside,64421,Non-Hispanic Asian,200
"Cook County (part), Riverside village, Illinois",Riverside,64421,Non-Hispanic Black,161
"Cook County (part), Riverside village, Illinois",Riverside,64421,Non-Hispanic Multiracial,298
"Cook County (part), Riverside village, Illinois",Riverside,64421,Non-Hispanic Other,45
"Cook County (part), Riverside village, Illinois",Riverside,64421,Non-Hispanic White,7074
"Cook County (part), Robbins village, Illinois",Robbins,64616,Hispanic/Latino,346
"Cook County (part), Robbins village, Illinois",Robbins,64616,Non-Hispanic Asian,10
"Cook County (part), Robbins village, Illinois",Robbins,64616,Non-Hispanic Black,3908
"Cook County (part), Robbins village, Illinois",Robbins,64616,Non-Hispanic Multiracial,103
"Cook County (part), Robbins village, Illinois",Robbins,64616,Non-Hispanic Other,22
"Cook County (part), Robbins village, Illinois",Robbins,64616,Non-Hispanic White,240
"Cook County (part), Rolling Meadows city, Illinois",Rolling Meadows,65338,Hispanic/Latino,6113
"Cook County (part), Rolling Meadows city, Illinois",Rolling Meadows,65338,Non-Hispanic Asian,3147
"Cook County (part), Rolling Meadows city, Illinois",Rolling Meadows,65338,Non-Hispanic Black,637
"Cook County (part), Rolling Meadows city, Illinois",Rolling Meadows,65338,Non-Hispanic Multiracial,694
"Cook County (part), Rolling Meadows city, Illinois",Rolling Meadows,65338,Non-Hispanic Other,81
"Cook County (part), Rolling Meadows city, Illinois",Rolling Meadows,65338,Non-Hispanic White,13528
"Cook County (part), Roselle village, Illinois",Roselle,65806,Hispanic/Latino,335
"Cook County (part), Roselle village, Illinois",Roselle,65806,Non-Hispanic Asian,913
"Cook County (part), Roselle village, Illinois",Roselle,65806,Non-Hispanic Black,135
"Cook County (part), Roselle village, Illinois",Roselle,65806,Non-Hispanic Multiracial,85
"Cook County (part), Roselle village, Illinois",Roselle,65806,Non-Hispanic Other,22
"Cook County (part), Roselle village, Illinois",Roselle,65806,Non-Hispanic White,2461
"Cook County (part), Rosemont village, Illinois",Rosemont,65819,Hispanic/Latino,1561
"Cook County (part), Rosemont village, Illinois",Rosemont,65819,Non-Hispanic Asian,196
"Cook County (part), Rosemont village, Illinois",Rosemont,65819,Non-Hispanic Black,101
"Cook County (part), Rosemont village, Illinois",Rosemont,65819,Non-Hispanic Multiracial,92
"Cook County (part), Rosemont village, Illinois",Rosemont,65819,Non-Hispanic Other,8
"Cook County (part), Rosemont village, Illinois",Rosemont,65819,Non-Hispanic White,1994
"Cook County (part), Sauk Village village, Illinois",Sauk Village,67769,Hispanic/Latino,1328
"Cook County (part), Sauk Village village, Illinois",Sauk Village,67769,Non-Hispanic Asian,41
"Cook County (part), Sauk Village village, Illinois",Sauk Village,67769,Non-Hispanic Black,6674
"Cook County (part), Sauk Village village, Illinois",Sauk Village,67769,Non-Hispanic Multiracial,364
"Cook County (part), Sauk Village village, Illinois",Sauk Village,67769,Non-Hispanic Other,78
"Cook County (part), Sauk Village village, Illinois",Sauk Village,67769,Non-Hispanic White,1436
"Cook County (part), Schaumburg village, Illinois",Schaumburg,68003,Hispanic/Latino,8263
"Cook County (part), Schaumburg village, Illinois",Schaumburg,68003,Non-Hispanic Asian,20767
"Cook County (part), Schaumburg village, Illinois",Schaumburg,68003,Non-Hispanic Black,3266
"Cook County (part), Schaumburg village, Illinois",Schaumburg,68003,Non-Hispanic Multiracial,2304
"Cook County (part), Schaumburg village, Illinois",Schaumburg,68003,Non-Hispanic Other,384
"Cook County (part), Schaumburg village, Illinois",Schaumburg,68003,Non-Hispanic White,43739
"Cook County (part), Schiller Park village, Illinois",Schiller Park,68081,Hispanic/Latino,3629
"Cook County (part), Schiller Park village, Illinois",Schiller Park,68081,Non-Hispanic Asian,803
"Cook County (part), Schiller Park village, Illinois",Schiller Park,68081,Non-Hispanic Black,164
"Cook County (part), Schiller Park village, Illinois",Schiller Park,68081,Non-Hispanic Multiracial,188
"Cook County (part), Schiller Park village, Illinois",Schiller Park,68081,Non-Hispanic Other,33
"Cook County (part), Schiller Park village, Illinois",Schiller Park,68081,Non-Hispanic White,6892
"Cook County (part), Skokie village, Illinois",Skokie,70122,Hispanic/Latino,7185
"Cook County (part), Skokie village, Illinois",Skokie,70122,Non-Hispanic Asian,18726
"Cook County (part), Skokie village, Illinois",Skokie,70122,Non-Hispanic Black,5256
"Cook County (part), Skokie village, Illinois",Skokie,70122,Non-Hispanic Multiracial,2457
"Cook County (part), Skokie village, Illinois",Skokie,70122,Non-Hispanic Other,503
"Cook County (part), Skokie village, Illinois",Skokie,70122,Non-Hispanic White,33697
"Cook County (part), South Barrington village, Illinois",South Barrington,70564,Hispanic/Latino,161
"Cook County (part), South Barrington village, Illinois",South Barrington,70564,Non-Hispanic Asian,2041
"Cook County (part), South Barrington village, Illinois",South Barrington,70564,Non-Hispanic Black,39
"Cook County (part), South Barrington village, Illinois",South Barrington,70564,Non-Hispanic Multiracial,159
"Cook County (part), South Barrington village, Illinois",South Barrington,70564,Non-Hispanic Other,5
"Cook County (part), South Barrington village, Illinois",South Barrington,70564,Non-Hispanic White,2672
"Cook County (part), South Chicago Heights village, Illinois",South Chicago Heights,70629,Hispanic/Latino,1900
"Cook County (part), South Chicago Heights village, Illinois",South Chicago Heights,70629,Non-Hispanic Asian,65
"Cook County (part), South Chicago Heights village, Illinois",South Chicago Heights,70629,Non-Hispanic Black,671
"Cook County (part), South Chicago Heights village, Illinois",South Chicago Heights,70629,Non-Hispanic Multiracial,104
"Cook County (part), South Chicago Heights village, Illinois",South Chicago Heights,70629,Non-Hispanic Other,16
"Cook County (part), South Chicago Heights village, Illinois",South Chicago Heights,70629,Non-Hispanic White,1270
"Cook County (part), South Holland village, Illinois",South Holland,70850,Hispanic/Latino,1417
"Cook County (part), South Holland village, Illinois",South Holland,70850,Non-Hispanic Asian,87
"Cook County (part), South Holland village, Illinois",South Holland,70850,Non-Hispanic Black,17277
"Cook County (part), South Holland village, Illinois",South Holland,70850,Non-Hispanic Multiracial,478
"Cook County (part), South Holland village, Illinois",South Holland,70850,Non-Hispanic Other,112
"Cook County (part), South Holland village, Illinois",South Holland,70850,Non-Hispanic White,2094
"Cook County (part), Steger village, Illinois",Steger,72520,Hispanic/Latino,1000
"Cook County (part), Steger village, Illinois",Steger,72520,Non-Hispanic Asian,61
"Cook County (part), Steger village, Illinois",Steger,72520,Non-Hispanic Black,751
"Cook County (part), Steger village, Illinois",Steger,72520,Non-Hispanic Multiracial,163
"Cook County (part), Steger village, Illinois",Steger,72520,Non-Hispanic Other,28
"Cook County (part), Steger village, Illinois",Steger,72520,Non-Hispanic White,2115
"Cook County (part), Stickney village, Illinois",Stickney,72676,Hispanic/Latino,4568
"Cook County (part), Stickney village, Illinois",Stickney,72676,Non-Hispanic Asian,91
"Cook County (part), Stickney village, Illinois",Stickney,72676,Non-Hispanic Black,168
"Cook County (part), Stickney village, Illinois",Stickney,72676,Non-Hispanic Multiracial,122
"Cook County (part), Stickney village, Illinois",Stickney,72676,Non-Hispanic Other,50
"Cook County (part), Stickney village, Illinois",Stickney,72676,Non-Hispanic White,2111
"Cook County (part), Stone Park village, Illinois",Stone Park,72923,Hispanic/Latino,4087
"Cook County (part), Stone Park village, Illinois",Stone Park,72923,Non-Hispanic Asian,44
"Cook County (part), Stone Park village, Illinois",Stone Park,72923,Non-Hispanic Black,134
"Cook County (part), Stone Park village, Illinois",Stone Park,72923,Non-Hispanic Multiracial,22
"Cook County (part), Stone Park village, Illinois",Stone Park,72923,Non-Hispanic Other,9
"Cook County (part), Stone Park village, Illinois",Stone Park,72923,Non-Hispanic White,280
"Cook County (part), Streamwood village, Illinois",Streamwood,73157,Hispanic/Latino,13365
"Cook County (part), Streamwood village, Illinois",Streamwood,73157,Non-Hispanic Asian,6291
"Cook County (part), Streamwood village, Illinois",Streamwood,73157,Non-Hispanic Black,2251
"Cook County (part), Streamwood village, Illinois",Streamwood,73157,Non-Hispanic Multiracial,963
"Cook County (part), Streamwood village, Illinois",Streamwood,73157,Non-Hispanic Other,144
"Cook County (part), Streamwood village, Illinois",Streamwood,73157,Non-Hispanic White,16563
"Cook County (part), Summit village, Illinois",Summit,73638,Hispanic/Latino,8120
"Cook County (part), Summit village, Illinois",Summit,73638,Non-Hispanic Asian,222
"Cook County (part), Summit village, Illinois",Summit,73638,Non-Hispanic Black,852
"Cook County (part), Summit village, Illinois",Summit,73638,Non-Hispanic Multiracial,115
"Cook County (part), Summit village, Illinois",Summit,73638,Non-Hispanic Other,61
"Cook County (part), Summit village, Illinois",Summit,73638,Non-Hispanic White,1791
"Cook County (part), Thornton village, Illinois",Thornton,75185,Hispanic/Latino,442
"Cook County (part), Thornton village, Illinois",Thornton,75185,Non-Hispanic Asian,9
"Cook County (part), Thornton village, Illinois",Thornton,75185,Non-Hispanic Black,528
"Cook County (part), Thornton village, Illinois",Thornton,75185,Non-Hispanic Multiracial,71
"Cook County (part), Thornton village, Illinois",Thornton,75185,Non-Hispanic Other,11
"Cook County (part), Thornton village, Illinois",Thornton,75185,Non-Hispanic White,1325
"Cook County (part), Tinley Park village, Illinois",Tinley Park,75484,Hispanic/Latino,4105
"Cook County (part), Tinley Park village, Illinois",Tinley Park,75484,Non-Hispanic Asian,1776
"Cook County (part), Tinley Park village, Illinois",Tinley Park,75484,Non-Hispanic Black,3109
"Cook County (part), Tinley Park village, Illinois",Tinley Park,75484,Non-Hispanic Multiracial,1206
"Cook County (part), Tinley Park village, Illinois",Tinley Park,75484,Non-Hispanic Other,122
"Cook County (part), Tinley Park village, Illinois",Tinley Park,75484,Non-Hispanic White,37951
"Cook County (part), University Park village, Illinois",University Park,76935,Hispanic/Latino,7
"Cook County (part), University Park village, Illinois",University Park,76935,Non-Hispanic Asian,0
"Cook County (part), University Park village, Illinois",University Park,76935,Non-Hispanic Black,286
"Cook County (part), University Park village, Illinois",University Park,76935,Non-Hispanic Multiracial,11
"Cook County (part), University Park village, Illinois",University Park,76935,Non-Hispanic Other,4
"Cook County (part), University Park village, Illinois",University Park,76935,Non-Hispanic White,9
"Cook County (part), Westchester village, Illinois",Westchester,80047,Hispanic/Latino,3550
"Cook County (part), Westchester village, Illinois",Westchester,80047,Non-Hispanic Asian,687
"Cook County (part), Westchester village, Illinois",Westchester,80047,Non-Hispanic Black,3311
"Cook County (part), Westchester village, Illinois",Westchester,80047,Non-Hispanic Multiracial,396
"Cook County (part), Westchester village, Illinois",Westchester,80047,Non-Hispanic Other,71
"Cook County (part), Westchester village, Illinois",Westchester,80047,Non-Hispanic White,8877
"Cook County (part), Western Springs village, Illinois",Western Springs,80242,Hispanic/Latino,624
"Cook County (part), Western Springs village, Illinois",Western Springs,80242,Non-Hispanic Asian,246
"Cook County (part), Western Springs village, Illinois",Western Springs,80242,Non-Hispanic Black,57
"Cook County (part), Western Springs village, Illinois",Western Springs,80242,Non-Hispanic Multiracial,362
"Cook County (part), Western Springs village, Illinois",Western Springs,80242,Non-Hispanic Other,31
"Cook County (part), Western Springs village, Illinois",Western Springs,80242,Non-Hispanic White,12309
"Cook County (part), Wheeling village, Illinois",Wheeling,81087,Hispanic/Latino,13047
"Cook County (part), Wheeling village, Illinois",Wheeling,81087,Non-Hispanic Asian,6506
"Cook County (part), Wheeling village, Illinois",Wheeling,81087,Non-Hispanic Black,885
"Cook County (part), Wheeling village, Illinois",Wheeling,81087,Non-Hispanic Multiracial,694
"Cook County (part), Wheeling village, Illinois",Wheeling,81087,Non-Hispanic Other,200
"Cook County (part), Wheeling village, Illinois",Wheeling,81087,Non-Hispanic White,17805
"Cook County (part), Willow Springs village, Illinois",Willow Springs,82049,Hispanic/Latino,715
"Cook County (part), Willow Springs village, Illinois",Willow Springs,82049,Non-Hispanic Asian,202
"Cook County (part), Willow Springs village, Illinois",Willow Springs,82049,Non-Hispanic Black,77
"Cook County (part), Willow Springs village, Illinois",Willow Springs,82049,Non-Hispanic Multiracial,154
"Cook County (part), Willow Springs village, Illinois",Willow Springs,82049,Non-Hispanic Other,30
"Cook County (part), Willow Springs village, Illinois",Willow Springs,82049,Non-Hispanic White,4679
"Cook County (part), Wilmette village, Illinois",Wilmette,82075,Hispanic/Latino,1390
"Cook County (part), Wilmette village, Illinois",Wilmette,82075,Non-Hispanic Asian,3297
"Cook County (part), Wilmette village, Illinois",Wilmette,82075,Non-Hispanic Black,232
"Cook County (part), Wilmette village, Illinois",Wilmette,82075,Non-Hispanic Multiracial,1233
"Cook County (part), Wilmette village, Illinois",Wilmette,82075,Non-Hispanic Other,139
"Cook County (part), Wilmette village, Illinois",Wilmette,82075,Non-Hispanic White,21879
"Cook County (part), Winnetka village, Illinois",Winnetka,82530,Hispanic/Latino,511
"Cook County (part), Winnetka village, Illinois",Winnetka,82530,Non-Hispanic Asian,444
"Cook County (part), Winnetka village, Illinois",Winnetka,82530,Non-Hispanic Black,29
"Cook County (part), Winnetka village, Illinois",Winnetka,82530,Non-Hispanic Multiracial,449
"Cook County (part), Winnetka village, Illinois",Winnetka,82530,Non-Hispanic Other,54
"Cook County (part), Winnetka village, Illinois",Winnetka,82530,Non-Hispanic White,11257
"Cook County (part), Woodridge village, Illinois",Woodridge,83245,Hispanic/Latino,0
"Cook County (part), Woodridge village, Illinois",Woodridge,83245,Non-Hispanic Asian,0
"Cook County (part), Woodridge village, Illinois",Woodridge,83245,Non-Hispanic Black,0
"Cook County (part), Woodridge village, Illinois",Woodridge,83245,Non-Hispanic Multiracial,0
"Cook County (part), Woodridge village, Illinois",Woodridge,83245,Non-Hispanic Other,0
"Cook County (part), Woodridge village, Illinois",Woodridge,83245,Non-Hispanic White,0
"Cook County (part), Worth village, Illinois",Worth,83518,Hispanic/Latino,1708
"Cook County (part), Worth village, Illinois",Worth,83518,Non-Hispanic Asian,242
"Cook County (part), Worth village, Illinois",Worth,83518,Non-Hispanic Black,466
"Cook County (part), Worth village, Illinois",Worth,83518,Non-Hispanic Multiracial,344
"Cook County (part), Worth village, Illinois",Worth,83518,Non-Hispanic Other,72
"Cook County (part), Worth village, Illinois",Worth,83518,Non-Hispanic White,8138
